{"schema":5,"addons":[{"id":"{e4a8a97b-f2ed-450b-b12d-ee082ba24781}","icons":{"32":"https://addons.cdn.mozilla.net/user-media/addon_icons/0/748-32.png?modified=1487776821","64":"https://addons.cdn.mozilla.net/user-media/addon_icons/0/748-64.png?modified=1487776821"},"type":"extension","name":"Greasemonkey","version":"3.10","creator":{"name":"Anthony Lieuallen","url":"https://addons.mozilla.org/en-US/firefox/user/arantius/?src=api"},"developers":[{"name":"Aaron Boodman","url":"https://addons.mozilla.org/en-US/firefox/user/aaron-boodman/?src=api"},{"name":"Johan Sundström","url":"https://addons.mozilla.org/en-US/firefox/user/ecmanaut/?src=api"}],"description":"Customize the way a web page displays or behaves, by using small bits of JavaScript.","fullDescription":"Allows you to customize the way a web page displays or behaves, by using small bits of JavaScript.\n\nYou can write your own scripts, too. Check out http://wiki.greasespot.net/ to get started. Many scripts already exist, probably ones to enhance your favorite sites. Find them at http://wiki.greasespot.net/User_Script_Hosting .\n\n\nHaving trouble? Please don't post comments here, nobody will see them. If you need help, please read:\nhttp://wiki.greasespot.net/Greasemonkey_Manual:Getting_Help","developerComments":null,"eula":null,"screenshots":[{"url":"https://addons.cdn.mozilla.net/user-media/previews/full/9/9463.png?src=api&modified=1331218902","thumbnailURL":"https://addons.cdn.mozilla.net/user-media/previews/thumbs/9/9463.png?src=api&modified=1331218902","caption":"Installation dialog."},{"url":"https://addons.cdn.mozilla.net/user-media/previews/full/67/67770.png?src=api&modified=1329464992","width":"700","height":"343","thumbnailURL":"https://addons.cdn.mozilla.net/user-media/previews/thumbs/67/67770.png?src=api&modified=1329464992","thumbnailWidth":"200","thumbnailHeight":"98","caption":"Script management is integrated with the Firefox Add-Ons Manager dialog."}],"homepageURL":"http://www.greasespot.net/","learnmoreURL":"https://addons.mozilla.org/en-US/firefox/addon/greasemonkey/?src=api","supportURL":"http://greasespot.net/","averageRating":4,"reviewCount":1014,"reviewURL":"https://addons.mozilla.org/en-US/firefox/addon/greasemonkey/reviews/?src=api","totalDownloads":79230511,"weeklyDownloads":51178,"dailyUsers":1053485,"sourceURI":"https://addons.mozilla.org/firefox/downloads/file/596648/greasemonkey-3.10-fx.xpi?src=api","repositoryStatus":4,"size":333352,"updateDate":1487773610000,"isPlatformCompatible":true},{"id":"jid0-GXjLLfbCoAx0LcltEdFrEkQdQPI@jetpack","icons":{"32":"https://addons.cdn.mozilla.net/user-media/addon_icons/287/287841-32.png?modified=1492150820","64":"https://addons.cdn.mozilla.net/user-media/addon_icons/287/287841-64.png?modified=1492150820"},"type":"extension","name":"Awesome Screenshot Plus - Capture, Annotate & More","version":"3.0.18","creator":{"name":"Diigo Inc.","url":"https://addons.mozilla.org/en-US/firefox/user/diigo-inc/?src=api"},"description":"Capture the whole page or any portion, annotate it with rectangles, circles, arrows, lines and text, blur sensitive info, one-click upload to share. And more!","fullDescription":"Awesome Screenshot is proud to introduce our own image hosting, sharing, and point specific commenting service. Users will now be able to store images permanently and leave comments on images shared with Awesome Screenshot. Therefore, storing an image thru Awesome Screenshot will replace the temporary storage option in the save menu. Users will also be able to manage, share, comment on and re-annotate stored images thru our website. Please sign-in or create a free account via www.awesomescreenshot.com to experience the easiest way to share and leave point specific comments on any image!","developerComments":"Due to the accelerated upgrade cycles of Firefox, this extension may at times become incompatible with the latest version of Firefox. Please rest assured that we are actively monitor the compatibility issue and will update the extension timely.","eula":null,"screenshots":[{"url":"https://addons.cdn.mozilla.net/user-media/previews/full/54/54638.png?src=api&modified=1299138725","width":"625","height":"525","thumbnailURL":"https://addons.cdn.mozilla.net/user-media/previews/thumbs/54/54638.png?src=api&modified=1299138725","thumbnailWidth":"178","thumbnailHeight":"150","caption":"Capture and annotate a page"},{"url":"https://addons.cdn.mozilla.net/user-media/previews/full/54/54639.png?src=api&modified=1299138726","width":"625","height":"525","thumbnailURL":"https://addons.cdn.mozilla.net/user-media/previews/thumbs/54/54639.png?src=api&modified=1299138726","thumbnailWidth":"178","thumbnailHeight":"150","caption":"Crop selected area"},{"url":"https://addons.cdn.mozilla.net/user-media/previews/full/54/54641.png?src=api&modified=1299138726","width":"700","height":"256","thumbnailURL":"https://addons.cdn.mozilla.net/user-media/previews/thumbs/54/54641.png?src=api&modified=1299138726","thumbnailWidth":"200","thumbnailHeight":"73","caption":"Save as a local file or upload to get a sharable link"}],"homepageURL":"http://www.awesomescreenshot.com","learnmoreURL":"https://addons.mozilla.org/en-US/firefox/addon/screenshot-capture-annotate/?src=api","supportURL":"http://www.Diigo.com","contributionURL":"https://addons.mozilla.org/en-US/firefox/addon/screenshot-capture-annotate/developers?src=api","contributionAmount":"$4.00","averageRating":4,"reviewCount":1410,"reviewURL":"https://addons.mozilla.org/en-US/firefox/addon/screenshot-capture-annotate/reviews/?src=api","totalDownloads":5330268,"weeklyDownloads":61425,"dailyUsers":407828,"sourceURI":"https://addons.mozilla.org/firefox/downloads/file/629306/awesome_screenshot_plus_capture_annotate_more-3.0.18-an+fx.xpi?src=api","repositoryStatus":4,"size":1932119,"updateDate":1492149524000,"isPlatformCompatible":true},{"id":"jid0-fbHwsGfb6kJyq2hj65KnbGte3yT@jetpack","icons":{"32":"https://addons.cdn.mozilla.net/user-media/addon_icons/608/608412-32.png?modified=1479457219","64":"https://addons.cdn.mozilla.net/user-media/addon_icons/608/608412-64.png?modified=1479457219"},"type":"extension","name":"Dictionary (Google™ Translate) Anywhere","version":"0.2.1","creator":{"name":"Jeremy Schomery","url":"https://addons.mozilla.org/en-US/firefox/user/j_schomery/?src=api"},"description":"\"Dictionary (Google™ Translate) Anywhere\" extension provides access to a floating multilingual Google Translate panel on any webpage.","fullDescription":"\"Dictionary (Google™ Translate) Anywhere\" add-on provides access to a floating multilingual Google Translate panel on any webpage.\n\nFeatures:\n\n    Access to Google Translate anywhere\n    Automatic spell checking\n    Listen to input phrase and its translation in a native tongue\n    Support for more than 90 languages\n\n\nNote: You can even access the translation panel in PDF documents provided that the document is opened by native Firefox PDF reader\n\nNote: Whereas other translator extensions, this one works on local files as well.\n\nNote: This extension is not officially related to Google. The sole purpose of this extension is to provide an easier way to access our beloved Google Translate.","developerComments":null,"eula":null,"screenshots":[{"url":"https://addons.cdn.mozilla.net/user-media/previews/full/157/157698.png?src=api&modified=1430268989","width":"641","height":"525","thumbnailURL":"https://addons.cdn.mozilla.net/user-media/previews/thumbs/157/157698.png?src=api&modified=1430268989","thumbnailWidth":"183","thumbnailHeight":"150"}],"homepageURL":"http://add0n.com/dictionary.html","learnmoreURL":"https://addons.mozilla.org/en-US/firefox/addon/dictionary-anywhere/?src=api","supportURL":"https://github.com/schomery/dictionary","contributionURL":"https://addons.mozilla.org/en-US/firefox/addon/dictionary-anywhere/developers?src=api","contributionAmount":"$10.00","averageRating":5,"reviewCount":54,"reviewURL":"https://addons.mozilla.org/en-US/firefox/addon/dictionary-anywhere/reviews/?src=api","totalDownloads":152619,"weeklyDownloads":1804,"dailyUsers":13771,"sourceURI":"https://addons.mozilla.org/firefox/downloads/file/538719/dictionary_googletm_translate_anywhere-0.2.1-fx.xpi?src=api","repositoryStatus":4,"size":74232,"updateDate":1479453862000,"isPlatformCompatible":true},{"id":"FrenchSpellingChecker@lipocodes","icons":{"32":"https://addons.cdn.mozilla.net/user-media/addon_icons/454/454580-32.png?modified=1475608818","64":"https://addons.cdn.mozilla.net/user-media/addon_icons/454/454580-64.png?modified=1475608818"},"type":"extension","name":"French  Dictionary for Spelling","version":"3.5","creator":{"name":"lipocodes","url":"https://addons.mozilla.org/en-US/firefox/user/lipocodes/?src=api"},"description":"Supports also the Nighty browser! This is a French Spelling dictionary, for finding spelling mistakes.\nSelect a text in French appearing on any web page and get a spelling check for it immediately!","fullDescription":"Welcome to the spelling checkers world!\n\nHow to use this add-on:\n\n1. Mark the text with your mouse .\n\n2. Right-click the mouse and choose \"French Spelling Checker\" .\n\n3. A new window should open with the misspelled words marked in yellow.\n\nPlease contact us regarding any issue or recommendation: lipocodes@gmail.com\n\nEnjoy!\n\nPrivacy statement: 1. when selecting text and checking it, you send it to lipocodes.com, where the check gets performed.\n2. This add-on counts the following activities of its users: the first spelling check, the uninstallation event, the number of days the add-on has been installed. This info is used solely by the developer (Lipocodes) and isn't transferred any further.","developerComments":"We are keen on hearing your opinions about this add-on!","eula":null,"screenshots":[{"url":"https://addons.cdn.mozilla.net/user-media/previews/full/173/173435.png?src=api&modified=1461565527","width":"536","height":"440","thumbnailURL":"https://addons.cdn.mozilla.net/user-media/previews/thumbs/173/173435.png?src=api&modified=1461565527","thumbnailWidth":"183","thumbnailHeight":"150"},{"url":"https://addons.cdn.mozilla.net/user-media/previews/full/173/173436.png?src=api&modified=1461565527","width":"652","height":"156","thumbnailURL":"https://addons.cdn.mozilla.net/user-media/previews/thumbs/173/173436.png?src=api&modified=1461565527","thumbnailWidth":"200","thumbnailHeight":"48"}],"homepageURL":"https://addons.mozilla.org/en-US/firefox/addon/french-spelling-checker/?src=api","learnmoreURL":"https://addons.mozilla.org/en-US/firefox/addon/french-spelling-checker/?src=api","supportURL":null,"averageRating":4,"reviewCount":9,"reviewURL":"https://addons.mozilla.org/en-US/firefox/addon/french-spelling-checker/reviews/?src=api","totalDownloads":74865,"weeklyDownloads":277,"dailyUsers":5554,"sourceURI":"https://addons.mozilla.org/firefox/downloads/file/514310/french_dictionary_for_spelling-3.5-tb+fx.xpi?src=api","repositoryStatus":4,"size":13085,"updateDate":1475607829000,"isPlatformCompatible":true},{"id":"DutchSpellingChecker@lipocodes","icons":{"32":"https://addons.cdn.mozilla.net/user-media/addon_icons/449/449296-32.png?modified=1466090416","64":"https://addons.cdn.mozilla.net/user-media/addon_icons/449/449296-64.png?modified=1466090416"},"type":"extension","name":"Dutch Dictionary for Spelling","version":"3.0","creator":{"name":"lipocodes","url":"https://addons.mozilla.org/en-US/firefox/user/lipocodes/?src=api"},"description":"Important!!! If you can't see the Dutch flag, please click View --> Toolbars --> Bookmarks Toolbar . Select a text in Dutch appearing on any web page and get a spelling check for it immediately!","fullDescription":"Important!!! If you can't see the Dutch flag, please click View --> Toolbars --> Bookmarks Toolbar\n\nHow to use this add-on:\n\n1. Mark the text with your mouse (no need to click the mouse, just mark the text).\n\n2. Click the Dutch flag on the right upper side of the screen (please see the screenshot).\n\n3. A new window should open with the misspelled words marked in yellow.\n\nPlease contact us regarding any issue or recommendation: lipocodes@gmail.com\n\nEnjoy!\n\nPrivacy statement: when selecting text and checking it, you send it to lipocodes.com, where the check gets performed.","developerComments":"Please tell us anything interesting going through your mind!","eula":null,"screenshots":[{"url":"https://addons.cdn.mozilla.net/user-media/previews/full/104/104534.png?src=api&modified=1372055944","width":"700","height":"267","thumbnailURL":"https://addons.cdn.mozilla.net/user-media/previews/thumbs/104/104534.png?src=api&modified=1372055944","thumbnailWidth":"200","thumbnailHeight":"76","caption":"This is an illustration of how this should work.\n\nDit is een illustratie van hoe dit zou moeten werken."}],"homepageURL":"http://lipocodes.com/DutchSpellingChecker/site","learnmoreURL":"https://addons.mozilla.org/en-US/firefox/addon/dutch-spelling-checker/?src=api","supportURL":null,"averageRating":1,"reviewCount":2,"reviewURL":"https://addons.mozilla.org/en-US/firefox/addon/dutch-spelling-checker/reviews/?src=api","totalDownloads":11887,"weeklyDownloads":73,"dailyUsers":958,"sourceURI":"https://addons.mozilla.org/firefox/downloads/file/454901/dutch_dictionary_for_spelling-3.0-fx.xpi?src=api","repositoryStatus":4,"size":9285,"updateDate":1466087944000,"isPlatformCompatible":true},{"id":"PortugueseSpellingChecker@lipocodes","icons":{"32":"https://addons.cdn.mozilla.net/user-media/addon_icons/453/453168-32.png?modified=1466090416","64":"https://addons.cdn.mozilla.net/user-media/addon_icons/453/453168-64.png?modified=1466090416"},"type":"extension","name":"Portuguese Dictionary for Spelling","version":"2.5","creator":{"name":"lipocodes","url":"https://addons.mozilla.org/en-US/thunderbird/user/lipocodes/?src=api"},"description":"Important!!! If you can't see the Brazilian flag, please click View --> Toolbars --> Bookmarks Toolbar.\nSelect a text in Portuguese on any web page and get a spell check for it immediately!","fullDescription":"Important!!! If you can't see the Brazilian flag, please click View --> Toolbars --> Bookmarks Toolbar\n\nWelcome to the world of queens spelling!\n\nUsing this add-on:\n\n1. Select the text with the mouse (no need to click the mouse, simply select the text).\n\n2. Click the Brazilian flag on the top right of the screen (see picture).\n\n3. A new window will open with the misspelled words highlighted in yellow.\n\nPlease contact us regarding any issue or recommendation: lipocodes@gmail.com\n\nHave fun!\n\nPrivacy statement: when selecting text and checking it, you send it to lipocodes.com, where the check gets performed.","developerComments":"We are keen on hearing your opinions about this add-on!","eula":null,"screenshots":[{"url":"https://addons.cdn.mozilla.net/user-media/previews/full/106/106778.png?src=api&modified=1373246776","width":"700","height":"504","thumbnailURL":"https://addons.cdn.mozilla.net/user-media/previews/thumbs/106/106778.png?src=api&modified=1373246776","thumbnailWidth":"200","thumbnailHeight":"144"}],"homepageURL":"https://addons.mozilla.org/en-US/thunderbird/addon/portuguese-spelling-checker/?src=api","learnmoreURL":"https://addons.mozilla.org/en-US/thunderbird/addon/portuguese-spelling-checker/?src=api","supportURL":null,"averageRating":4,"reviewCount":6,"reviewURL":"https://addons.mozilla.org/en-US/thunderbird/addon/portuguese-spelling-checker/reviews/?src=api","totalDownloads":8506,"weeklyDownloads":148,"dailyUsers":641,"sourceURI":"https://addons.mozilla.org/thunderbird/downloads/file/454918/portuguese_dictionary_for_spelling-2.5-tb+fx.xpi?src=api","repositoryStatus":4,"size":11788,"updateDate":1466087085000,"isPlatformCompatible":true},{"id":"GermanSpellingDictionary@lipocodes","icons":{"32":"https://addons.cdn.mozilla.net/user-media/addon_icons/565/565762-32.png?modified=1490353733","64":"https://addons.cdn.mozilla.net/user-media/addon_icons/565/565762-64.png?modified=1490353733"},"type":"extension","name":"German Spell Check","version":"3.2","creator":{"name":"lipocodes","url":"https://addons.mozilla.org/en-US/firefox/user/lipocodes/?src=api"},"description":"This is a spelling dictionary, where you can select a text in German, click on the icon (German flag) and get your text checked against spelling mistakes.","fullDescription":"Important!!! If you select a text, click on the German flag, but don't get a small popup window, give the browser permission to popup windows from lipocodes.com\n\nWelcome to the spelling checkers world!\n\nHow to use this add-on:\n\n1. Mark the text with your mouse (no need to click the mouse, just mark the text).\n\n2. Click the German flag on the right upper side of the screen (please see the screenshot).\n\n3. A new window should open with the misspelled words marked in yellow.\nIf you don't get the popup window, give the browser permission to popup windows from lipocodes.com\n\nPlease contact us regarding any issue or recommendation: lipocodes@gmail.com\n\nEnjoy!\n\nPrivacy statement: when selecting text and checking it, you send it to lipocodes.com, where the check gets performed. No personal data is stored on our servers.","developerComments":null,"eula":null,"screenshots":[{"url":"https://addons.cdn.mozilla.net/user-media/previews/full/148/148186.png?src=api&modified=1418598689","width":"700","height":"331","thumbnailURL":"https://addons.cdn.mozilla.net/user-media/previews/thumbs/148/148186.png?src=api&modified=1418598689","thumbnailWidth":"200","thumbnailHeight":"95"},{"url":"https://addons.cdn.mozilla.net/user-media/previews/full/148/148188.png?src=api&modified=1418598689","width":"700","height":"216","thumbnailURL":"https://addons.cdn.mozilla.net/user-media/previews/thumbs/148/148188.png?src=api&modified=1418598689","thumbnailWidth":"200","thumbnailHeight":"62"}],"homepageURL":"https://addons.mozilla.org/en-US/firefox/addon/german-spelling-dictionary/?src=api","learnmoreURL":"https://addons.mozilla.org/en-US/firefox/addon/german-spelling-dictionary/?src=api","supportURL":null,"averageRating":3,"reviewCount":7,"reviewURL":"https://addons.mozilla.org/en-US/firefox/addon/german-spelling-dictionary/reviews/?src=api","totalDownloads":73666,"weeklyDownloads":432,"dailyUsers":7211,"sourceURI":"https://addons.mozilla.org/firefox/downloads/file/515053/german_spell_check-3.2-tb+fx.xpi?src=api","repositoryStatus":4,"size":10817,"updateDate":1475744348000,"isPlatformCompatible":true},{"id":"ItalianSpellingChecker@lipocodes","icons":{"32":"https://addons.cdn.mozilla.net/user-media/addon_icons/450/450432-32.png?modified=1463568005","64":"https://addons.cdn.mozilla.net/user-media/addon_icons/450/450432-64.png?modified=1463568005"},"type":"extension","name":"Italian Dictionary for Spelling","version":"2.7","creator":{"name":"lipocodes","url":"https://addons.mozilla.org/en-US/firefox/user/lipocodes/?src=api"},"description":"Important!!! If you can't see the Italian flag, please click View --> Toolbars --> Bookmarks Toolbar.\n\nSelect a text in Italian appearing on any web page and get a spell check for it immediately!","fullDescription":"Important!!! If you can't see the Italian flag, please click View --> Toolbars --> Bookmarks Toolbar.\n\nWelcome to the spelling checkers world!\n\nHow to use this add-on:\n\n1. Mark the text with your mouse (no need to click the mouse, just mark the text).\n\n2. Click the Italian flag on the right upper side of the screen (please see the screenshot).\n\n3. A new window should open with the misspelled words marked in yellow.\n\nPlease contact us regarding any issue or recommendation: lipocodes@gmail.com\n\nEnjoy!\n\nPrivacy statement: when selecting text and checking it, you send it to lipocodes.com, where the check gets performed.","developerComments":"We are keen on hearing your opinions about this add-on!","eula":null,"screenshots":[{"url":"https://addons.cdn.mozilla.net/user-media/previews/full/104/104850.png?src=api&modified=1372371742","width":"700","height":"293","thumbnailURL":"https://addons.cdn.mozilla.net/user-media/previews/thumbs/104/104850.png?src=api&modified=1372371742","thumbnailWidth":"200","thumbnailHeight":"84"}],"homepageURL":"https://addons.mozilla.org/en-US/firefox/addon/italian-spelling-checker/?src=api","learnmoreURL":"https://addons.mozilla.org/en-US/firefox/addon/italian-spelling-checker/?src=api","supportURL":null,"averageRating":0,"reviewCount":0,"reviewURL":"https://addons.mozilla.org/en-US/firefox/addon/italian-spelling-checker/reviews/?src=api","totalDownloads":7160,"weeklyDownloads":66,"dailyUsers":400,"sourceURI":"https://addons.mozilla.org/firefox/downloads/file/420771/italian_dictionary_for_spelling-2.7-tb+fx.xpi?src=api","repositoryStatus":4,"size":9081,"updateDate":1459943263000,"isPlatformCompatible":true},{"id":"gaurangnshah@gmail.com","icons":{"32":"https://addons.cdn.mozilla.net/user-media/addon_icons/11/11259-32.png?modified=1369532579","64":"https://addons.cdn.mozilla.net/user-media/addon_icons/11/11259-64.png?modified=1369532579"},"type":"extension","name":"Spell Checker","version":"1.3.2.1-signed.1-signed","creator":{"name":"Gaurang033","url":"https://addons.mozilla.org/en-US/firefox/user/gaurang033/?src=api"},"description":"Checks the (whole) web page (and not the text inside edit box) for spelling mistakes and highlights it.","fullDescription":"This add-ons is basically to check the Spelling mistakes all over the web page. It uses Firefox's inbuilt dictionary to check the spellings. There are many sites available which checks the spelling mistake on the website but for that you must have your site live. but what to do when site is under construction and you are testing it.To copy whole page text and past into some utility that checks the spelling mistakes is tedious work to do. This add-on will help you in this case.\n\nTo check spelling in other languages you will have to download the dictionaries, you can down it from here.\nhttps://addons.mozilla.org/en-US/firefox/language-tools/\n\nNote: this add-on works with ASCII character only (mean would work with some languages only)","developerComments":null,"eula":null,"screenshots":[{"url":"https://addons.cdn.mozilla.net/user-media/previews/full/31/31528.png?src=api&modified=1331218902","width":"586","height":"376","thumbnailURL":"https://addons.cdn.mozilla.net/user-media/previews/thumbs/31/31528.png?src=api&modified=1331218902","thumbnailWidth":"200","thumbnailHeight":"128","caption":"Wrong spellings are highlighted."},{"url":"https://addons.cdn.mozilla.net/user-media/previews/full/31/31529.png?src=api&modified=1331218902","width":"257","height":"176","thumbnailURL":"https://addons.cdn.mozilla.net/user-media/previews/thumbs/31/31529.png?src=api&modified=1331218902","thumbnailWidth":"200","thumbnailHeight":"136","caption":"Preference Window"}],"homepageURL":"http://gaurangnshah.googlepages.com/SpellChecker","learnmoreURL":"https://addons.mozilla.org/en-US/firefox/addon/spell-checker/?src=api","supportURL":null,"contributionURL":"https://addons.mozilla.org/en-US/firefox/addon/spell-checker/developers?src=api","contributionAmount":"$4.99","averageRating":3,"reviewCount":87,"reviewURL":"https://addons.mozilla.org/en-US/firefox/addon/spell-checker/reviews/?src=api","totalDownloads":369754,"weeklyDownloads":591,"dailyUsers":12355,"sourceURI":"https://addons.mozilla.org/firefox/downloads/file/94948/spell_checker-1.3.2-fx.xpi?src=api","repositoryStatus":4,"size":24777,"updateDate":1280139816000,"isPlatformCompatible":true},{"id":"{25A1388B-6B18-46c3-BEBA-A81915D0DE8F}","icons":{"32":"https://addons.cdn.mozilla.net/user-media/addon_icons/1/1333-32.png?modified=1362639110","64":"https://addons.cdn.mozilla.net/user-media/addon_icons/1/1333-64.png?modified=1362639110"},"type":"extension","name":"Quick Locale Switcher","version":"1.7.8.5.1-signed.1-signed","creator":{"name":"ppclick","url":"https://addons.mozilla.org/en-US/firefox/user/ppclick/?src=api"},"description":"Allows you to quickly switch to a different language (User Interface, Spell Checker Dictionary and Website content) in your Mozilla application.","fullDescription":"Allows you to quickly change and apply a different locale related setting from the tools menu, the statusbar, or your Toolbar.\nFeatures:\n* Handy tool for all people involved with multilingual usage of Mozilla applications.\n* Switches the Mozilla User Interface language (general.useragent.locale preference)\n* Switches the accept_language preference, so complete websites will be translated. (if the http accept language header is supported, e.g. like Google does)\n* Switches the Spell Checker Dictionary preference. (if supported by your Mozilla application)\n* Remembers the dictionary and content locale for each site and automatically switches when you load that site. It also tries to detect the language of sites itself, and if found automatically switches to that language. In Thunderbird the automatic switching is based on e-mail addresses.\n* Auto restarts the application in versions 1.4+ (only if needed)\n* Includes country flag icons for 'all' countries by famfamfam.com.\n* Displays the flag of the currently selected locale on your statusbar.\n* Add 3 of your own custom defined locales.\n* Select from a list of ~200 locales which locales should be visible in the menu.\n* Select which settings you want to switch.\n* Quickly switch back to the previously selected locale by pressing CTRL + SHIFT + Q.\n* Available for Firefox 1.0 - 3.0, Thunderbird 1.0 - 2.0, NVU 1.0, Mozilla Suite 1.7, Seamonkey, Sunbird, Flock and Netscape\n* Available in: en-US, nl-NL, fr-FR, it-IT, de-DE, es-ES, tr-TR, ko-KR, pl-PL, cs-CZ, bg-BG, pt-PT, sl-SI, zh-CN, sk-SK, ru-RU, fy-NL, zh-TW, pt-BR, da-DK, lt-LT, ja-JP-mac, gl-ES, sq-AL, he-IL, en-GB, fa-IR, km-KH, uk-UA, hr-HR, be-BY, ro-RO, es-AR, hu-HU, nb-NO, fi-FI, ca-AD, ar, ml-IN, wa-BE, is-IS, mk-MK\n\n* Note! After adding the toolbar button (menu View/toolbars/Customize) you need to restart your Mozilla application before it actually works","developerComments":"***NO Restart is required***\nThe restart of your Browser/Mail application is only required if you want to switch the user interface language. So not if you only need to switch the dictionary. You can choose what you want to switch in the settings window, by default it switches both the user interface and the spellchecker dictionary.\n***NO Restart is required***\n\nFor detailed help and information, visit the forum","eula":null,"screenshots":[{"url":"https://addons.cdn.mozilla.net/user-media/previews/full/19/19444.png?src=api&modified=1331218902","width":"230","height":"300","thumbnailURL":"https://addons.cdn.mozilla.net/user-media/previews/thumbs/19/19444.png?src=api&modified=1331218902","thumbnailWidth":"115","thumbnailHeight":"150","caption":"QLS - Options Screen - Autoswitch Pane"},{"url":"https://addons.cdn.mozilla.net/user-media/previews/full/19/19440.png?src=api&modified=1331218902","width":"443","height":"502","thumbnailURL":"https://addons.cdn.mozilla.net/user-media/previews/thumbs/19/19440.png?src=api&modified=1331218902","thumbnailWidth":"132","thumbnailHeight":"150","caption":"QLS - Tools Menu Zoomed"},{"url":"https://addons.cdn.mozilla.net/user-media/previews/full/19/19441.png?src=api&modified=1331218902","width":"516","height":"505","thumbnailURL":"https://addons.cdn.mozilla.net/user-media/previews/thumbs/19/19441.png?src=api&modified=1331218902","thumbnailWidth":"153","thumbnailHeight":"150","caption":"QLS - Tools Menu"},{"url":"https://addons.cdn.mozilla.net/user-media/previews/full/19/19442.png?src=api&modified=1331218902","width":"516","height":"505","thumbnailURL":"https://addons.cdn.mozilla.net/user-media/previews/thumbs/19/19442.png?src=api&modified=1331218902","thumbnailWidth":"153","thumbnailHeight":"150","caption":"QLS - Options Screen - General Pane"},{"url":"https://addons.cdn.mozilla.net/user-media/previews/full/19/19443.png?src=api&modified=1331218902","width":"516","height":"505","thumbnailURL":"https://addons.cdn.mozilla.net/user-media/previews/thumbs/19/19443.png?src=api&modified=1331218902","thumbnailWidth":"153","thumbnailHeight":"150","caption":"QLS - Options Screen - Locales Pane"}],"homepageURL":"https://addons.mozilla.org/en-US/firefox/addon/quick-locale-switcher/?src=api","learnmoreURL":"https://addons.mozilla.org/en-US/firefox/addon/quick-locale-switcher/?src=api","supportURL":null,"contributionURL":"https://addons.mozilla.org/en-US/firefox/addon/quick-locale-switcher/developers?src=api","contributionAmount":"$5.00","averageRating":3,"reviewCount":89,"reviewURL":"https://addons.mozilla.org/en-US/firefox/addon/quick-locale-switcher/reviews/?src=api","totalDownloads":2298189,"weeklyDownloads":1116,"dailyUsers":169221,"sourceURI":"https://addons.mozilla.org/firefox/downloads/file/194794/quick_locale_switcher-1.7.8.5-fx+tb.xpi?src=api","repositoryStatus":4,"size":540261,"updateDate":1361871678000,"isPlatformCompatible":true},{"id":"French-GC@grammalecte.net","icons":{"32":"https://addons.cdn.mozilla.net/user-media/addon_icons/701/701168-32.png?modified=1493196196","64":"https://addons.cdn.mozilla.net/user-media/addon_icons/701/701168-64.png?modified=1493196196"},"type":"extension","name":"Grammalecte [fr]","version":"0.5.15.1","creator":{"name":"dicollecte","url":"https://addons.mozilla.org/en-US/firefox/user/dicollecte/?src=api"},"description":"French grammar checker.\nIncluded: conjugation tool, lexicographer, text formatter and spelling dictionaries.","fullDescription":"Grammalecte is a French grammar checker.\n\nIt also includes:\n— 4 spellchecker dictionaries (to choose from),\n— a conjugation tool (which contains approximately 8000 verbs),\n— a text formatter (to automatically correct most of typographical mistakes),\n— a lexicographer.\n\nUnlike other grammar checkers, Grammalecte is written in full JavaScript, doesn’t require a server and can work offline. No data is sent online.\n\nGrammalecte also exists for Thunderbird, LibreOffice and OpenOffice.\n\nNo support in the comments.\n\nShortcuts:\nCTRL+SHIFT+F6 (on text area) -> text formatter\nCTRL+SHIFT+F7 (on text area) -> grammar checking\nCTRL+SHIFT+F8 -> conjugation tool","developerComments":null,"eula":null,"screenshots":[{"url":"https://addons.cdn.mozilla.net/user-media/previews/full/174/174405.png?src=api&modified=1463823266","width":"280","height":"525","thumbnailURL":"https://addons.cdn.mozilla.net/user-media/previews/thumbs/174/174405.png?src=api&modified=1463823266","thumbnailWidth":"80","thumbnailHeight":"150"},{"url":"https://addons.cdn.mozilla.net/user-media/previews/full/174/174406.png?src=api&modified=1463823267","width":"499","height":"474","thumbnailURL":"https://addons.cdn.mozilla.net/user-media/previews/thumbs/174/174406.png?src=api&modified=1463823267","thumbnailWidth":"158","thumbnailHeight":"150"},{"url":"https://addons.cdn.mozilla.net/user-media/previews/full/173/173859.png?src=api&modified=1463823262","width":"328","height":"525","thumbnailURL":"https://addons.cdn.mozilla.net/user-media/previews/thumbs/173/173859.png?src=api&modified=1463823262","thumbnailWidth":"94","thumbnailHeight":"150"},{"url":"https://addons.cdn.mozilla.net/user-media/previews/full/173/173863.png?src=api&modified=1463823262","width":"700","height":"522","thumbnailURL":"https://addons.cdn.mozilla.net/user-media/previews/thumbs/173/173863.png?src=api&modified=1463823262","thumbnailWidth":"200","thumbnailHeight":"149"},{"url":"https://addons.cdn.mozilla.net/user-media/previews/full/173/173861.png?src=api&modified=1463823262","width":"519","height":"508","thumbnailURL":"https://addons.cdn.mozilla.net/user-media/previews/thumbs/173/173861.png?src=api&modified=1463823262","thumbnailWidth":"153","thumbnailHeight":"150"},{"url":"https://addons.cdn.mozilla.net/user-media/previews/full/174/174206.png?src=api&modified=1463823262","width":"300","height":"525","thumbnailURL":"https://addons.cdn.mozilla.net/user-media/previews/thumbs/174/174206.png?src=api&modified=1463823262","thumbnailWidth":"86","thumbnailHeight":"150"},{"url":"https://addons.cdn.mozilla.net/user-media/previews/full/174/174207.png?src=api&modified=1463823262","width":"300","height":"525","thumbnailURL":"https://addons.cdn.mozilla.net/user-media/previews/thumbs/174/174207.png?src=api&modified=1463823262","thumbnailWidth":"86","thumbnailHeight":"150"}],"homepageURL":"http://www.dicollecte.org/grammalecte","learnmoreURL":"https://addons.mozilla.org/en-US/firefox/addon/grammalecte-fr/?src=api","supportURL":"http://www.dicollecte.org/forum.php?prj=fr&f=8","averageRating":4,"reviewCount":12,"reviewURL":"https://addons.mozilla.org/en-US/firefox/addon/grammalecte-fr/reviews/?src=api","totalDownloads":27754,"weeklyDownloads":370,"dailyUsers":6518,"sourceURI":"https://addons.mozilla.org/firefox/downloads/file/593478/grammalecte_fr-0.5.15.1-fx.xpi?src=api","repositoryStatus":4,"size":3046326,"updateDate":1488334777000,"isPlatformCompatible":true},{"id":"languagetool-webextension@languagetool.org","icons":{"32":"https://addons.cdn.mozilla.net/user-media/addon_icons/708/708770-32.png?modified=1492261072","64":"https://addons.cdn.mozilla.net/user-media/addon_icons/708/708770-64.png?modified=1492261072"},"type":"extension","name":"LanguageTool Grammar Checker","version":"1.0.13","creator":{"name":"Daniel Naber","url":"https://addons.mozilla.org/en-US/firefox/user/dnaber/?src=api"},"description":"With this extension you can check text with the free style and grammar checker LanguageTool. It finds many errors that a simple spell checker cannot detect, like mixing up there/their, a/an, or repeating a word.","fullDescription":"With this extension you can check text with the free style and grammar checker LanguageTool. LanguageTool finds many errors that a simple spell checker cannot detect, like mixing up there/their, a/an, or repeating a word, and it can detect some grammar problems. It supports more than 25 languages, including English, Spanish, French, German, Polish, and Russian.\n\nLanguageTool is designed with simplicity in mind. With the press of a button, LanguageTool instantly checks the spelling and grammar of text in the field that's currently being edited. LanguageTool is compatible with all text, regardless of source, including social networks such as Facebook, Twitter or LinkedIn and online e-mail services, such as Gmail. Very few sites like docs.google.com and chrome.google.com currently aren't supported - use https://chrome.google.com/webstore/detail/languagetool/kjcoklfhicmkbfifghaecedbohbmofkm for Google Docs instead.\n\nWith LanguageTool our aim is to give users a fully-featured grammar checker and proofreader that will enable them to have control and confidence over their content. While LanguageTool is a vital extension for non-native speakers; it’s also smart enough to recognize mistakes that native speakers commonly make and it will improve your writing overall. This grammar and spelling correction works across all variations of common language; distinguishing between U.S. and British English, for instance. LanguageTool also features a personal dictionary for exceptions or words that you might commonly use but that are not found in a conventional dictionary. LanguageTool will recognize these words in future grammar checking and proofreading.\n\nUsage: Click in a text field if you want to check its contents. Then click on the LT icon, which is displayed in the upper right corner of your browser.\n\nUnlike Grammarly and Ginger, LanguageTool works for many languages and is 100% free and offers many of the same features.\n\nPrivacy\n\nYour privacy is important to us: By default, this extension will check your text by sending it to https://languagetool.org over a securely encrypted connection. No account is needed to use this extension. We don't store the texts you check. In fact, we don't even store your IP address. See https://languagetool.org/privacy/ for our privacy policy.\n\nOffline Use\n\nTo use this add-on with a local server, unzip the LanguageTool stand-alone edition from its homepage and run this command:\n\njava -cp languagetool-server.jar org.languagetool.server.HTTPServer --allow-origin \"*\"\n\nThen, open the add-on configuration and set http://localhost:8081/v2 as the server URL and save the configuration. Note that the default configuration of the local server might lack some features of the server running at languagetool.org - see this comparison for details.\n\nBugs\n\nThe keyboard shortcut is known not to work yet. Please report bugs at https://github.com/languagetool-org/languagetool-browser-addon/issues or at our forum at http://forum.languagetool.org.","developerComments":null,"eula":null,"screenshots":[{"url":"https://addons.cdn.mozilla.net/user-media/previews/full/176/176874.png?src=api&modified=1470168585","width":"700","height":"428","thumbnailURL":"https://addons.cdn.mozilla.net/user-media/previews/thumbs/176/176874.png?src=api&modified=1470168585","thumbnailWidth":"200","thumbnailHeight":"122"},{"url":"https://addons.cdn.mozilla.net/user-media/previews/full/176/176875.png?src=api&modified=1470168585","width":"700","height":"357","thumbnailURL":"https://addons.cdn.mozilla.net/user-media/previews/thumbs/176/176875.png?src=api&modified=1470168585","thumbnailWidth":"200","thumbnailHeight":"102"}],"homepageURL":"https://languagetool.org","learnmoreURL":"https://addons.mozilla.org/en-US/firefox/addon/languagetool/?src=api","supportURL":"http://forum.languagetool.org","contributionURL":"https://addons.mozilla.org/en-US/firefox/addon/languagetool/developers?src=api","contributionAmount":"$10.00","averageRating":4,"reviewCount":10,"reviewURL":"https://addons.mozilla.org/en-US/firefox/addon/languagetool/reviews/?src=api","totalDownloads":19365,"weeklyDownloads":749,"dailyUsers":4640,"sourceURI":"https://addons.mozilla.org/firefox/downloads/file/600108/languagetool_stil_und_grammatikprufung-1.0.13-an+fx-windows.xpi?src=api","repositoryStatus":4,"size":126714,"updateDate":1492087171000,"isPlatformCompatible":true},{"id":"QuickLocaleSwitcher2@choggi.org","icons":{"32":"https://addons.cdn.mozilla.net/user-media/addon_icons/742/742296-32.png?modified=1476994623","64":"https://addons.cdn.mozilla.net/user-media/addon_icons/742/742296-64.png?modified=1476994623"},"type":"extension","name":"Quick Locale Switcher 2","version":"0.0.1","creator":{"name":"ChoGGi","url":"https://addons.mozilla.org/en-US/firefox/user/choggi/?src=api"},"description":"Allows you to quickly switch to a different language (User Interface, Spell Checker Dictionary and Website content) in your Mozilla application.","fullDescription":"Autoswitch isn't working at the moment (mostly fixed, but still having some issues with multi process Firefox)\n\nHopefully the same as Quick Locale Switcher, but less buggy.\nhttps://addons.mozilla.org/addon/quick-locale-switcher\nThis is a fork of QLS, since it seems to be quite dead (developer wise).\n\n\n\nIf you wish to have the flag show up in the statusbar you'll need to install\nhttps://addons.mozilla.org/addon/status-4-evar/\nOtherwise there is a toolbar button, or a menu in the Tools menu.","developerComments":null,"eula":null,"screenshots":[{"url":"https://addons.cdn.mozilla.net/user-media/previews/full/179/179516.png?src=api&modified=1476838937","width":"237","height":"306","thumbnailURL":"https://addons.cdn.mozilla.net/user-media/previews/thumbs/179/179516.png?src=api&modified=1476838937","thumbnailWidth":"116","thumbnailHeight":"150"},{"url":"https://addons.cdn.mozilla.net/user-media/previews/full/179/179517.png?src=api&modified=1476838938","width":"420","height":"525","thumbnailURL":"https://addons.cdn.mozilla.net/user-media/previews/thumbs/179/179517.png?src=api&modified=1476838938","thumbnailWidth":"120","thumbnailHeight":"150"},{"url":"https://addons.cdn.mozilla.net/user-media/previews/full/179/179518.png?src=api&modified=1476838938","width":"473","height":"525","thumbnailURL":"https://addons.cdn.mozilla.net/user-media/previews/thumbs/179/179518.png?src=api&modified=1476838938","thumbnailWidth":"135","thumbnailHeight":"150"},{"url":"https://addons.cdn.mozilla.net/user-media/previews/full/179/179519.png?src=api&modified=1476838938","width":"473","height":"525","thumbnailURL":"https://addons.cdn.mozilla.net/user-media/previews/thumbs/179/179519.png?src=api&modified=1476838938","thumbnailWidth":"135","thumbnailHeight":"150"},{"url":"https://addons.cdn.mozilla.net/user-media/previews/full/179/179520.png?src=api&modified=1476838938","width":"473","height":"525","thumbnailURL":"https://addons.cdn.mozilla.net/user-media/previews/thumbs/179/179520.png?src=api&modified=1476838938","thumbnailWidth":"135","thumbnailHeight":"150"}],"homepageURL":"https://addons.mozilla.org/addon/quick-locale-switcher-2/","learnmoreURL":"https://addons.mozilla.org/en-US/firefox/addon/quick-locale-switcher-2/?src=api","supportURL":"https://choggi.org/misc/QuickLocaleSwitcher2/","averageRating":5,"reviewCount":1,"reviewURL":"https://addons.mozilla.org/en-US/firefox/addon/quick-locale-switcher-2/reviews/?src=api","totalDownloads":12380,"weeklyDownloads":337,"dailyUsers":1697,"sourceURI":"https://addons.mozilla.org/firefox/downloads/file/521869/quick_locale_switcher_2-0.0.1-fx+sm+tb.xpi?src=api","repositoryStatus":4,"size":386049,"updateDate":1476831901000,"isPlatformCompatible":true},{"id":"SpanishSpellingChecker@lipocodes","icons":{"32":"https://addons.cdn.mozilla.net/user-media/addon_icons/455/455912-32.png?modified=1466090416","64":"https://addons.cdn.mozilla.net/user-media/addon_icons/455/455912-64.png?modified=1466090416"},"type":"extension","name":"Spanish Dictionary for Spelling","version":"2.7","creator":{"name":"lipocodes","url":"https://addons.mozilla.org/en-US/firefox/user/lipocodes/?src=api"},"description":"Important!!! If you can't see the Mexican flag, please click View --> Toolbars --> Bookmarks Toolbar.\n\nSelect a text in Spanish appearing on any web page and get a spelling check for it immediately!","fullDescription":"Important!!! If you can't see the Mexican flag, please click: View --> Toolbars --> Bookmarks Toolbar.\n\n\nWelcome to the spelling checkers world!\n\nHow to use this add-on:\n\n1. Mark the text with your mouse (no need to click the mouse, just mark the text).\n\n2. Click the Mexican flag on the right upper side of the screen (please see the screenshot).\n\n3. A new window should open with the misspelled words marked in yellow.\n\nPlease contact us regarding any issue or recommendation: lipocodes@gmail.com\n\nEnjoy!\n\nPrivacy statement: when selecting text and checking it, you send it to lipocodes.com, where the check gets performed.","developerComments":"We are keen on hearing your opinions about this add-on!","eula":null,"screenshots":[{"url":"https://addons.cdn.mozilla.net/user-media/previews/full/108/108514.png?src=api&modified=1374143112","width":"700","height":"314","thumbnailURL":"https://addons.cdn.mozilla.net/user-media/previews/thumbs/108/108514.png?src=api&modified=1374143112","thumbnailWidth":"200","thumbnailHeight":"90"}],"homepageURL":"https://addons.mozilla.org/en-US/firefox/addon/spanish-spelling-checker/?src=api","learnmoreURL":"https://addons.mozilla.org/en-US/firefox/addon/spanish-spelling-checker/?src=api","supportURL":null,"averageRating":5,"reviewCount":3,"reviewURL":"https://addons.mozilla.org/en-US/firefox/addon/spanish-spelling-checker/reviews/?src=api","totalDownloads":39679,"weeklyDownloads":282,"dailyUsers":2441,"sourceURI":"https://addons.mozilla.org/firefox/downloads/file/454921/spanish_dictionary_for_spelling-2.7-tb+fx.xpi?src=api","repositoryStatus":4,"size":10313,"updateDate":1466087040000,"isPlatformCompatible":true},{"id":"en-US@dictionaries.addons.mozilla.org","icons":{"32":"https://addons.cdn.mozilla.net/user-media/addon_icons/3/3497-32.png?modified=1458296416","64":"https://addons.cdn.mozilla.net/user-media/addon_icons/3/3497-64.png?modified=1458296416"},"type":"dictionary","name":"United States English Spellchecker","version":"8.1","creator":{"name":"jooliaan","url":"https://addons.mozilla.org/en-US/firefox/user/jooliaan/?src=api"},"description":"United States English Spellchecker for Firefox, Thunderbird and SeaMonkey by Kevin Atkinson and Geoff Kuenning.\n\nTo enable, right-click in a multi-line text box, select \"Languages\", then \"English (United States)\".","fullDescription":"This extension packages a subset of the original English wordlist created by Kevin Atkinson for Pspell and Aspell and thus is covered by his original LGPL license.\nThe affix file is a heavily modified version of the original english.aff file which was released as part of Geoff Kuenning's Ispell and as such is covered by his BSD license.","developerComments":"I would remember to everybody that this extension provides only a United States English spellchecker, so if you're instead looking for a British English spellchecker, you can get it from https://addons.mozilla.org/en-US/firefox/addon/british-english-dictionary/\n\nPlease, _DO NOT_ ask for support here. If you need support, post your question to http://forums.mozillazine.org or to http://forum.mozillaitalia.org","eula":null,"screenshots":[{"url":"https://addons.cdn.mozilla.net/user-media/previews/full/9/9270.png?src=api&modified=1363919559","thumbnailURL":"https://addons.cdn.mozilla.net/user-media/previews/thumbs/9/9270.png?src=api&modified=1363919559","caption":"English United States spellchecker"},{"url":"https://addons.cdn.mozilla.net/user-media/previews/full/9/9266.png?src=api&modified=1363919559","thumbnailURL":"https://addons.cdn.mozilla.net/user-media/previews/thumbs/9/9266.png?src=api&modified=1363919559","caption":"English United States spellchecker in action"}],"homepageURL":"https://addons.mozilla.org/it/firefox/addon/3497","learnmoreURL":"https://addons.mozilla.org/en-US/firefox/addon/united-states-english-spellche/?src=api","supportURL":null,"averageRating":3,"reviewCount":161,"reviewURL":"https://addons.mozilla.org/en-US/firefox/addon/united-states-english-spellche/reviews/?src=api","totalDownloads":20967889,"weeklyDownloads":7005,"dailyUsers":395719,"sourceURI":"https://addons.mozilla.org/firefox/downloads/file/413435/united_states_english_spellchecker-8.1-sm+tb+fx.xpi?src=api","repositoryStatus":4,"size":313749,"updateDate":1458294765000,"isPlatformCompatible":true},{"id":"langpack-en-US@firefox.mozilla.org","icons":{"32":null,"64":null},"type":"locale","name":"English (US) Language Pack","version":"53.0","creator":{"name":"Mozilla","url":"https://addons.mozilla.org/en-US/firefox/user/mozilla/?src=api"},"description":"The en-US language pack for Firefox.","fullDescription":null,"developerComments":null,"eula":null,"screenshots":[{"url":"https://addons.cdn.mozilla.net/user-media/previews/full/82/82158.png?src=api&modified=1352755389","width":"656","height":"525","thumbnailURL":"https://addons.cdn.mozilla.net/user-media/previews/thumbs/82/82158.png?src=api&modified=1352755389","thumbnailWidth":"188","thumbnailHeight":"150"}],"homepageURL":"https://addons.mozilla.org/en-US/firefox/addon/english-us-language-pack/?src=api","learnmoreURL":"https://addons.mozilla.org/en-US/firefox/addon/english-us-language-pack/?src=api","supportURL":null,"averageRating":3,"reviewCount":11,"reviewURL":"https://addons.mozilla.org/en-US/firefox/addon/english-us-language-pack/reviews/?src=api","totalDownloads":431727,"weeklyDownloads":3857,"dailyUsers":431727,"sourceURI":"https://addons.mozilla.org/firefox/downloads/file/633130/english_us_language_pack-53.0-fx.xpi?src=api","repositoryStatus":4,"size":450973,"updateDate":1492609603000,"isPlatformCompatible":true},{"id":"langpack-zh-CN@firefox.mozilla.org","icons":{"32":null,"64":null},"type":"locale","name":"Chinese Simplified (zh-CN) Language Pack","version":"53.0","creator":{"name":"Mozilla","url":"https://addons.mozilla.org/en-US/firefox/user/mozilla/?src=api"},"description":"Chinese Simplified (zh-CN) Language Pack","fullDescription":null,"developerComments":null,"eula":null,"homepageURL":"https://addons.mozilla.org/en-US/firefox/addon/chinese-simplified-zh-cn-la/?src=api","learnmoreURL":"https://addons.mozilla.org/en-US/firefox/addon/chinese-simplified-zh-cn-la/?src=api","supportURL":null,"averageRating":5,"reviewCount":3,"reviewURL":"https://addons.mozilla.org/en-US/firefox/addon/chinese-simplified-zh-cn-la/reviews/?src=api","totalDownloads":119049,"weeklyDownloads":572,"dailyUsers":119049,"sourceURI":"https://addons.mozilla.org/firefox/downloads/file/633183/chinese_simplified_zh_cn_language_pack-53.0-fx.xpi?src=api","repositoryStatus":4,"size":483944,"updateDate":1492609663000,"isPlatformCompatible":true},{"id":"nl-NL@dictionaries.addons.mozilla.org","icons":{"32":"https://addons.cdn.mozilla.net/static/img/addon-icons/dictionary-32.png","64":"https://addons.cdn.mozilla.net/static/img/addon-icons/dictionary-64.png"},"type":"dictionary","name":"Woordenboek Nederlands","version":"3.1.2","creator":{"name":"fjoerfoks","url":"https://addons.mozilla.org/en-US/firefox/user/fjoerfoks/?src=api"},"description":"Dutch dictionary with wordslist from OpenTaal.","fullDescription":"Dutch dictionary with wordslist from OpenTaal.\n\nWoordenboek Nederlands voor spellingcontrole in Mozilla-producten met de woordenlijst van OpenTaal.\n\nDonaties komen ten goede aan de Stichting OpenTaal ter ondersteuning en ontwikkeling van vrije Nederlandstalige taalhulpbestanden.","developerComments":null,"eula":null,"screenshots":[{"url":"https://addons.cdn.mozilla.net/user-media/previews/full/12/12583.png?src=api&modified=1362362889","width":"642","height":"249","thumbnailURL":"https://addons.cdn.mozilla.net/user-media/previews/thumbs/12/12583.png?src=api&modified=1362362889","thumbnailWidth":"200","thumbnailHeight":"150","caption":"Dutch Dictionary"}],"homepageURL":"http://www.mozilla-nl.org","learnmoreURL":"https://addons.mozilla.org/en-US/firefox/addon/woordenboek-nederlands/?src=api","supportURL":"http://www.mozilla-nl.org","contributionURL":"https://addons.mozilla.org/en-US/firefox/addon/woordenboek-nederlands/developers?src=api","contributionAmount":"$5.00","averageRating":3,"reviewCount":60,"reviewURL":"https://addons.mozilla.org/en-US/firefox/addon/woordenboek-nederlands/reviews/?src=api","totalDownloads":2404018,"weeklyDownloads":2065,"dailyUsers":80048,"sourceURI":"https://addons.mozilla.org/firefox/downloads/file/315456/woordenboek_nederlands-3.1.2-an+sm+tb+fx.xpi?src=api","repositoryStatus":4,"size":747622,"updateDate":1431328057000,"isPlatformCompatible":true},{"id":"langpack-nl@firefox.mozilla.org","icons":{"32":null,"64":null},"type":"locale","name":"Nederlands (NL) Language Pack","version":"53.0","creator":{"name":"Mozilla","url":"https://addons.mozilla.org/en-US/firefox/user/mozilla/?src=api"},"description":"Nederlands (NL) Language Pack","fullDescription":null,"developerComments":null,"eula":null,"homepageURL":"https://addons.mozilla.org/en-US/firefox/addon/nederlands-nl-language-pack/?src=api","learnmoreURL":"https://addons.mozilla.org/en-US/firefox/addon/nederlands-nl-language-pack/?src=api","supportURL":null,"averageRating":3,"reviewCount":4,"reviewURL":"https://addons.mozilla.org/en-US/firefox/addon/nederlands-nl-language-pack/reviews/?src=api","totalDownloads":124958,"weeklyDownloads":562,"dailyUsers":124958,"sourceURI":"https://addons.mozilla.org/firefox/downloads/file/633172/nederlands_nl_language_pack-53.0-fx.xpi?src=api","repositoryStatus":4,"size":456962,"updateDate":1492609637000,"isPlatformCompatible":true},{"id":"marcoagpinto@mail.telepac.pt","icons":{"32":"https://addons.cdn.mozilla.net/user-media/addon_icons/461/461570-32.png?modified=1492303800","64":"https://addons.cdn.mozilla.net/user-media/addon_icons/461/461570-64.png?modified=1492303800"},"type":"dictionary","name":"British English Dictionary (Marco Pinto)","version":"2.47","creator":{"name":"Marco A.G.Pinto","url":"https://addons.mozilla.org/en-US/firefox/user/marcoagpinto/?src=api"},"description":"This is a forked version of Mark Tyndall's extension. It packages David Bartlett's British Dictionary R1.19 for Firefox, Thunderbird and SeaMonkey.\n\nIt has 28'000+ new words and dozens of fixes.","fullDescription":"British Dictionary V2 for Firefox, Thunderbird and SeaMonkey, forked by Marco A.G.Pinto.\n\nTo enable, right-click in a text box, select \"Languages\", then \"English (United Kingdom)\".\n\n(This is a forked version of Mark Tyndall's British English Dictionary extension, improved and made to work with the latest Firefox, Thunderbird and SeaMonkey).\n\nInstalling/downloading:\nTo install add-ons, one can simply search for them from inside Firefox/Thunderbird.\nTo install manually, right-click on the button \"+ Add to Firefox\", select \"Save Link As\" and then install manually the XPI file from: Tools > Add-ons > Extensions/Dictionaries > Install from file.\n(see the screenshot above)\n\nDetailed installation instructions:\nhttp://marcoagpinto.cidadevirtual.pt/en_installing.html\n\nFAQ:\nhttp://marcoagpinto.cidadevirtual.pt/faq.html (read point 4 for issues)\n\nChangelog:\nhttp://marcoagpinto.cidadevirtual.pt/en_GB_CHANGES.txt\n\nNightly changes (GitHub):\nhttps://github.com/marcoagpinto/aoo-mozilla-en-dict","developerComments":"I am developing an open-source tool to edit the Dictionary/Thesaurus/Hyphenation/Autocorrect of OpenOffice, LibreOffice, Firefox, Thunderbird and SeaMonkey.\n\nMy goal was that in the future someone would use it in Thunderbird and fix the en_GB speller since it was full of typos/missing words and no one offered himself for the task.\n\nA couple of months went by and, since no one volunteered, I took the task myself.\n\nI want to create the ultimate speller, as good or better than the ones used by commercial software. It encompasses several fields of knowledge, from simple to complex words.\n\nTo make sure the words I add are the correct ones, I have been looking for them in credible sources such as:\n1) Oxford Dictionaries;\n2) Collins Dictionary;\n3) Macmillan Dictionary;\n4) Wiktionary (used with caution);\n5) Wikipedia (used with caution);\n6) Physical dictionaries.\n\nIn January 2015 I purchased an \"Oxford Gold Account\" to have a higher access in Oxford Dictionaries.\n\nI am also involved on several projects/hobbies with a specific jargon, which means I can test the words mentioned there. This way I have added some \"special\" words.\n\nI have been told to use scripts to update the dictionary, but I am adding the words with copy/paste after checking them in the dictionaries mentioned above. This takes longer and is harder but the results are much better and accurate.\n\nOn 25.Aug.2013 I released a \"forked\" V2.00. The speller has been made available to OpenOffice/LibreOffice, Firefox, Thunderbird and SeaMonkey. So far, I have added 28'358 words (as of V2.47).\n\nAbout ize/ise:\nJust like in other languages, some words can be written differently. Since Oxford says some words are valid both ways, I kept both and let the user decide which he prefers. A good example is: \"online\" and \"on-line\".\n\nMain difficulties developing this dictionary:\n1) Proper names;\n2) Possessive forms;\n3) Plurals.","eula":null,"screenshots":[{"url":"https://addons.cdn.mozilla.net/user-media/previews/full/173/173017.png?src=api&modified=1460378636","width":"700","height":"383","thumbnailURL":"https://addons.cdn.mozilla.net/user-media/previews/thumbs/173/173017.png?src=api&modified=1460378636","thumbnailWidth":"200","thumbnailHeight":"109","caption":"Screenshot of Thunderbird with forked dictionary (2016-04-11)"},{"url":"https://addons.cdn.mozilla.net/user-media/previews/full/173/173018.png?src=api&modified=1460378636","width":"317","height":"235","thumbnailURL":"https://addons.cdn.mozilla.net/user-media/previews/thumbs/173/173018.png?src=api&modified=1460378636","thumbnailWidth":"200","thumbnailHeight":"148","caption":"Activating the dictionary on Thunderbird (2016-04-11)"},{"url":"https://addons.cdn.mozilla.net/user-media/previews/full/173/173019.png?src=api&modified=1460378636","width":"700","height":"467","thumbnailURL":"https://addons.cdn.mozilla.net/user-media/previews/thumbs/173/173019.png?src=api&modified=1460378636","thumbnailWidth":"200","thumbnailHeight":"133","caption":"Activating the dictionary on Thunderbird  (2016-04-11)"},{"url":"https://addons.cdn.mozilla.net/user-media/previews/full/173/173015.png?src=api&modified=1460378632","width":"496","height":"337","thumbnailURL":"https://addons.cdn.mozilla.net/user-media/previews/thumbs/173/173015.png?src=api&modified=1460378632","thumbnailWidth":"200","thumbnailHeight":"136","caption":"Activating the dictionary on Firefox (2016-04-11)"},{"url":"https://addons.cdn.mozilla.net/user-media/previews/full/172/172784.png?src=api&modified=1460378632","width":"700","height":"464","thumbnailURL":"https://addons.cdn.mozilla.net/user-media/previews/thumbs/172/172784.png?src=api&modified=1460378632","thumbnailWidth":"200","thumbnailHeight":"133","caption":"Open-source tool used to improve the dictionary (V3.0 - beta - 2016-03-23)"}],"homepageURL":"http://marcoagpinto.cidadevirtual.pt/proofingtoolgui.html","learnmoreURL":"https://addons.mozilla.org/en-US/firefox/addon/british-english-dictionary-2/?src=api","supportURL":"http://marcoagpinto.cidadevirtual.pt/proofingtoolgui.html","contributionURL":"https://addons.mozilla.org/en-US/firefox/addon/british-english-dictionary-2/developers?src=api","contributionAmount":"$3.99","averageRating":5,"reviewCount":24,"reviewURL":"https://addons.mozilla.org/en-US/firefox/addon/british-english-dictionary-2/reviews/?src=api","totalDownloads":1217136,"weeklyDownloads":10596,"dailyUsers":273034,"sourceURI":"https://addons.mozilla.org/firefox/downloads/file/618895/british_english_dictionary_marco_pinto-2.47-an+fx+sm+tb.xpi?src=api","repositoryStatus":4,"size":290197,"updateDate":1490791717000,"isPlatformCompatible":true},{"id":"langpack-en-GB@firefox.mozilla.org","icons":{"32":null,"64":null},"type":"locale","name":"English (GB) Language Pack","version":"53.0","creator":{"name":"Mozilla","url":"https://addons.mozilla.org/en-US/firefox/user/mozilla/?src=api"},"description":"English (GB) Language Pack","fullDescription":null,"developerComments":null,"eula":null,"homepageURL":"https://addons.mozilla.org/en-US/firefox/addon/english-gb-language-pack/?src=api","learnmoreURL":"https://addons.mozilla.org/en-US/firefox/addon/english-gb-language-pack/?src=api","supportURL":null,"averageRating":2,"reviewCount":14,"reviewURL":"https://addons.mozilla.org/en-US/firefox/addon/english-gb-language-pack/reviews/?src=api","totalDownloads":812477,"weeklyDownloads":1436,"dailyUsers":812477,"sourceURI":"https://addons.mozilla.org/firefox/downloads/file/633115/english_gb_language_pack-53.0-fx.xpi?src=api","repositoryStatus":4,"size":445032,"updateDate":1492609583000,"isPlatformCompatible":true},{"id":"fr-dicollecte@dictionaries.addons.mozilla.org","icons":{"32":"https://addons.cdn.mozilla.net/user-media/addon_icons/354/354872-32.png?modified=1485901221","64":"https://addons.cdn.mozilla.net/user-media/addon_icons/354/354872-64.png?modified=1485901221"},"type":"dictionary","name":"French spelling dictionary","version":"6.0.2","creator":{"name":"dicollecte","url":"https://addons.mozilla.org/en-US/firefox/user/dicollecte/?src=api"},"description":"Spelling dictionary for the French language.","fullDescription":"This extension now contains only one spelling dictionary.\n\nFor a better support of the French language, install Grammalecte, the grammar checker.","developerComments":null,"eula":null,"screenshots":[{"url":"https://addons.cdn.mozilla.net/user-media/previews/full/146/146492.png?src=api&modified=1464783398","width":"700","height":"481","thumbnailURL":"https://addons.cdn.mozilla.net/user-media/previews/thumbs/146/146492.png?src=api&modified=1464783398","thumbnailWidth":"200","thumbnailHeight":"137"}],"homepageURL":"http://www.dicollecte.org/","learnmoreURL":"https://addons.mozilla.org/en-US/firefox/addon/dictionnaire-fran%C3%A7ais1/?src=api","supportURL":null,"averageRating":4,"reviewCount":12,"reviewURL":"https://addons.mozilla.org/en-US/firefox/addon/dictionnaire-fran%C3%A7ais1/reviews/?src=api","totalDownloads":2121447,"weeklyDownloads":410,"dailyUsers":280114,"sourceURI":"https://addons.mozilla.org/firefox/downloads/file/581811/dictionnaire_francais-6.0.2-fx+sm+tb.xpi?src=api","repositoryStatus":4,"size":336297,"updateDate":1485898257000,"isPlatformCompatible":true},{"id":"langpack-fr@firefox.mozilla.org","icons":{"32":null,"64":null},"type":"locale","name":"Français Language Pack","version":"53.0","creator":{"name":"Mozilla","url":"https://addons.mozilla.org/en-US/firefox/user/mozilla/?src=api"},"description":"Français Language Pack","fullDescription":null,"developerComments":null,"eula":null,"homepageURL":"https://addons.mozilla.org/en-US/firefox/addon/fran%C3%A7ais-language-pack/?src=api","learnmoreURL":"https://addons.mozilla.org/en-US/firefox/addon/fran%C3%A7ais-language-pack/?src=api","supportURL":null,"averageRating":3,"reviewCount":15,"reviewURL":"https://addons.mozilla.org/en-US/firefox/addon/fran%C3%A7ais-language-pack/reviews/?src=api","totalDownloads":512113,"weeklyDownloads":826,"dailyUsers":512113,"sourceURI":"https://addons.mozilla.org/firefox/downloads/file/633114/francais_language_pack-53.0-fx.xpi?src=api","repositoryStatus":4,"size":477640,"updateDate":1492609583000,"isPlatformCompatible":true},{"id":"langpack-de@firefox.mozilla.org","icons":{"32":null,"64":null},"type":"locale","name":"Deutsch (DE) Language Pack","version":"53.0","creator":{"name":"Mozilla","url":"https://addons.mozilla.org/en-US/firefox/user/mozilla/?src=api"},"description":"Deutsch (DE) Language Pack","fullDescription":null,"developerComments":null,"eula":null,"homepageURL":"https://addons.mozilla.org/en-US/firefox/addon/deutsch-de-language-pack/?src=api","learnmoreURL":"https://addons.mozilla.org/en-US/firefox/addon/deutsch-de-language-pack/?src=api","supportURL":null,"averageRating":2,"reviewCount":35,"reviewURL":"https://addons.mozilla.org/en-US/firefox/addon/deutsch-de-language-pack/reviews/?src=api","totalDownloads":1067051,"weeklyDownloads":5320,"dailyUsers":955029,"sourceURI":"https://addons.mozilla.org/firefox/downloads/file/633126/deutsch_de_language_pack-53.0-fx.xpi?src=api","repositoryStatus":4,"size":467984,"updateDate":1492609600000,"isPlatformCompatible":true},{"id":"de-DE@dictionaries.addons.mozilla.org","icons":{"32":null,"64":null},"type":"dictionary","name":"German Dictionary","version":"2.0.6","creator":{"name":"KaiRo","url":"https://addons.mozilla.org/en-US/firefox/user/kairo/?src=api"},"description":"German Dictionary (new Orthography) for spellchecking in Mozilla products","fullDescription":"German Dictionary (new Orthography) for the spellcheck function in Mozilla products such as Firefox (including mobile devices), Thunderbird, SeaMonkey, etc.","developerComments":"Versions starting with 2.0 are based on the igerman98 dictionary by Björn Jacke","eula":null,"homepageURL":"https://addons.mozilla.org/en-US/firefox/addon/german-dictionary/?src=api","learnmoreURL":"https://addons.mozilla.org/en-US/firefox/addon/german-dictionary/?src=api","supportURL":null,"averageRating":4,"reviewCount":43,"reviewURL":"https://addons.mozilla.org/en-US/firefox/addon/german-dictionary/reviews/?src=api","totalDownloads":14336802,"weeklyDownloads":5782,"dailyUsers":411807,"sourceURI":"https://addons.mozilla.org/firefox/downloads/file/547850/german_dictionary-2.0.6-an+fx+sm+tb.xpi?src=api","repositoryStatus":4,"size":337027,"updateDate":1480708957000,"isPlatformCompatible":true},{"id":"langpack-ja@firefox.mozilla.org","icons":{"32":null,"64":null},"type":"locale","name":"Japanese Language Pack","version":"53.0","creator":{"name":"Mozilla","url":"https://addons.mozilla.org/en-US/firefox/user/mozilla/?src=api"},"description":"Japanese Language Pack","fullDescription":null,"developerComments":null,"eula":null,"homepageURL":"https://addons.mozilla.org/en-US/firefox/addon/japanese-language-pack-1/?src=api","learnmoreURL":"https://addons.mozilla.org/en-US/firefox/addon/japanese-language-pack-1/?src=api","supportURL":null,"averageRating":0,"reviewCount":0,"reviewURL":"https://addons.mozilla.org/en-US/firefox/addon/japanese-language-pack-1/reviews/?src=api","totalDownloads":201886,"weeklyDownloads":1504,"dailyUsers":201886,"sourceURI":"https://addons.mozilla.org/firefox/downloads/file/633143/japanese_language_pack-53.0-fx.xpi?src=api","repositoryStatus":4,"size":513121,"updateDate":1492609614000,"isPlatformCompatible":true},{"id":"la@dictionaries.addons.mozilla.org","icons":{"32":null,"64":null},"type":"dictionary","name":"Latin Dictionary","version":"0.41.20110603.1-typefix","creator":{"name":"Leszek Życzkowski","url":"https://addons.mozilla.org/en-US/firefox/user/teo951/?src=api"},"description":"Latin dictionary","fullDescription":"Latin spellchecking dictionary","developerComments":null,"eula":null,"homepageURL":"https://addons.mozilla.org/en-US/firefox/addon/latin-dictionary/?src=api","learnmoreURL":"https://addons.mozilla.org/en-US/firefox/addon/latin-dictionary/?src=api","supportURL":null,"averageRating":5,"reviewCount":6,"reviewURL":"https://addons.mozilla.org/en-US/firefox/addon/latin-dictionary/reviews/?src=api","totalDownloads":218522,"weeklyDownloads":76,"dailyUsers":2319,"sourceURI":"https://addons.mozilla.org/firefox/downloads/file/376200/latin_dictionary-0.41.20110603.1-typefix-sm+tb+fx.xpi?src=api","repositoryStatus":4,"size":305790,"updateDate":1450276430000,"isPlatformCompatible":true},{"id":"pl@dictionaries.addons.mozilla.org","icons":{"32":null,"64":null},"type":"dictionary","name":"Polish Spellchecker Dictionary","version":"1.0.20160228","creator":{"name":"marcoos","url":"https://addons.mozilla.org/en-US/thunderbird/user/marcoos/?src=api"},"developers":[{"name":"Leszek Życzkowski","url":"https://addons.mozilla.org/en-US/thunderbird/user/teo951/?src=api"}],"description":"Polish spell-check dictionary for Firefox, Thunderbird and SeaMonkey.","fullDescription":"Polish spell-check dictionary for Firefox 2.0/3.0pre, Thunderbird 2.0/30a1 and SeaMonkey 1.1/2.0a1...","developerComments":"This is a Polish dictionary for Firefox, Thunderbird & SeaMonkey spell checker based on SJP.pl's dictionary (by Marek Futrega et al.).\n\nSJP.pl's dictionary itself is available at: http://www.sjp.pl/","eula":"This dictionary for spell-checking Polish texts is licensed under GPL 2.0, LGPL 2.0 and MPL 1.1 (Mozilla Public License). You can use this extension for any commercial and personal purposes. For details about the GPL and LGPL licenses see http://www.gnu.org/licenses/gpl-2.0.html, for details about MPL: http://www.mozilla.org/MPL/\n\nThis extension contains dictionary files created by the SJP.pl team, under Marek Futrega's (futrega@gmail.com) supervision.\n\nFirefox/Thunderbird extension maintainer: Marek Stepien (mstepien@aviary.pl)","screenshots":[{"url":"https://addons.cdn.mozilla.net/user-media/previews/full/9/9149.png?src=api&modified=1331218902","thumbnailURL":"https://addons.cdn.mozilla.net/user-media/previews/thumbs/9/9149.png?src=api&modified=1331218902","caption":"Zrzut ekranu"}],"homepageURL":"http://www.aviary.pl/","learnmoreURL":"https://addons.mozilla.org/en-US/thunderbird/addon/polish-spellchecker-dictionary/?src=api","supportURL":"http://www.mozillapl.org/forum/","averageRating":5,"reviewCount":33,"reviewURL":"https://addons.mozilla.org/en-US/thunderbird/addon/polish-spellchecker-dictionary/reviews/?src=api","totalDownloads":1693266,"weeklyDownloads":2689,"dailyUsers":56143,"sourceURI":"https://addons.mozilla.org/thunderbird/downloads/file/405057/polish_spellchecker_dictionary-1.0.20160228-sm+tb+fx.xpi?src=api","repositoryStatus":4,"size":1134709,"updateDate":1456726280000,"isPlatformCompatible":true},{"id":"langpack-pl@firefox.mozilla.org","icons":{"32":null,"64":null},"type":"locale","name":"Polski Language Pack","version":"53.0","creator":{"name":"Mozilla","url":"https://addons.mozilla.org/en-US/firefox/user/mozilla/?src=api"},"description":"Polski Language Pack","fullDescription":null,"developerComments":null,"eula":null,"homepageURL":"https://addons.mozilla.org/en-US/firefox/addon/polski-language-pack/?src=api","learnmoreURL":"https://addons.mozilla.org/en-US/firefox/addon/polski-language-pack/?src=api","supportURL":null,"averageRating":2,"reviewCount":15,"reviewURL":"https://addons.mozilla.org/en-US/firefox/addon/polski-language-pack/reviews/?src=api","totalDownloads":202706,"weeklyDownloads":1734,"dailyUsers":202706,"sourceURI":"https://addons.mozilla.org/firefox/downloads/file/633151/polski_language_pack-53.0-fx.xpi?src=api","repositoryStatus":4,"size":374471,"updateDate":1492609618000,"isPlatformCompatible":true},{"id":"pt-PT@dictionaries.addons.mozilla.org","icons":{"32":"https://addons.cdn.mozilla.net/user-media/addon_icons/3/3155-32.png?modified=1475410819","64":"https://addons.cdn.mozilla.net/user-media/addon_icons/3/3155-64.png?modified=1475410819"},"type":"dictionary","name":"European Portuguese Spellchecker","version":"16.10.1.1","creator":{"name":"Alberto Simões","url":"https://addons.mozilla.org/en-US/firefox/user/hashashin/?src=api"},"developers":[{"name":"António Manuel Dias","url":"https://addons.mozilla.org/en-US/firefox/user/antonio-manuel-dias/?src=api"},{"name":"ambs","url":"https://addons.mozilla.org/en-US/firefox/user/ambs/?src=api"}],"description":"European Portuguese (pt-PT) Dictionary","fullDescription":"European Portuguese (pt-PT) Dictionary\n\n\nCorretor ortográfico para Português de Portugal (pt-PT). Versão conforme Acordo Ortográfico.\n\nA versão do dicionário atualizada para as regras do Acordo Ortográfico foi executada em colaboração entre o Projecto Natura e o ILTEC, garantindo deste modo a sua conformidade com o Vocabulário Ortográfico do Português.\n\nA versão pré-Acordo Ortográfico pode ser obtida na página web da extensão: Dicionários Natura .","developerComments":null,"eula":null,"homepageURL":"http://natura.di.uminho.pt/wiki/doku.php?id=dicionarios:main","learnmoreURL":"https://addons.mozilla.org/en-US/firefox/addon/european-portuguese-spellcheck/?src=api","supportURL":"http://natura.di.uminho.pt/wiki/doku.php?id=dicionarios:main","averageRating":4,"reviewCount":80,"reviewURL":"https://addons.mozilla.org/en-US/firefox/addon/european-portuguese-spellcheck/reviews/?src=api","totalDownloads":1872508,"weeklyDownloads":1328,"dailyUsers":33561,"sourceURI":"https://addons.mozilla.org/firefox/downloads/file/513174/european_portuguese_spellchecker-16.10.1.1-tb+fx+sm.xpi?src=api","repositoryStatus":4,"size":283100,"updateDate":1475409789000,"isPlatformCompatible":true},{"id":"langpack-pt-PT@firefox.mozilla.org","icons":{"32":null,"64":null},"type":"locale","name":"Português Portugal Language Pack","version":"53.0","creator":{"name":"Mozilla","url":"https://addons.mozilla.org/en-US/firefox/user/mozilla/?src=api"},"description":"Português Portugal Language Pack","fullDescription":null,"developerComments":null,"eula":null,"homepageURL":"https://addons.mozilla.org/en-US/firefox/addon/portugu%C3%AAs-portugal-language/?src=api","learnmoreURL":"https://addons.mozilla.org/en-US/firefox/addon/portugu%C3%AAs-portugal-language/?src=api","supportURL":null,"averageRating":5,"reviewCount":3,"reviewURL":"https://addons.mozilla.org/en-US/firefox/addon/portugu%C3%AAs-portugal-language/reviews/?src=api","totalDownloads":95974,"weeklyDownloads":232,"dailyUsers":95974,"sourceURI":"https://addons.mozilla.org/firefox/downloads/file/633164/portugues_portugal_language_pack-53.0-fx.xpi?src=api","repositoryStatus":4,"size":461765,"updateDate":1492609627000,"isPlatformCompatible":true},{"id":"pt-BR@dictionaries.addons.mozilla.org","icons":{"32":"https://addons.cdn.mozilla.net/user-media/addon_icons/3/3257-32.png?modified=1461666016","64":"https://addons.cdn.mozilla.net/user-media/addon_icons/3/3257-64.png?modified=1461666016"},"type":"dictionary","name":"Brazilian Portuguese Dictionary (New Spelling)","version":"47.20160418","creator":{"name":"jhltmnn","url":"https://addons.mozilla.org/en-US/firefox/user/hultmann/?src=api"},"description":"The same spellchecker shipped with the Brazilian version of Firefox.","fullDescription":"The same spellchecker shipped with the Brazilian version of Firefox.\n\nAlso available the spellchecker for the former spelling at https://addons.mozilla.org/firefox/addon/ortografia-br/","developerComments":null,"eula":null,"screenshots":[{"url":"https://addons.cdn.mozilla.net/user-media/previews/full/113/113479.png?src=api&modified=1379549622","width":"570","height":"309","thumbnailURL":"https://addons.cdn.mozilla.net/user-media/previews/thumbs/113/113479.png?src=api&modified=1379549622","thumbnailWidth":"200","thumbnailHeight":"108"}],"homepageURL":"http://br.mozdev.org/firefox/ortografia","learnmoreURL":"https://addons.mozilla.org/en-US/firefox/addon/corretor/?src=api","supportURL":null,"contributionURL":"https://addons.mozilla.org/en-US/firefox/addon/corretor/developers?src=api","contributionAmount":"$3.99","averageRating":4,"reviewCount":28,"reviewURL":"https://addons.mozilla.org/en-US/firefox/addon/corretor/reviews/?src=api","totalDownloads":4910356,"weeklyDownloads":4598,"dailyUsers":39475,"sourceURI":"https://addons.mozilla.org/firefox/downloads/file/430447/brazilian_portuguese_dictionary_new_spelling-47.20160418-sm+tb+fx.xpi?src=api","repositoryStatus":4,"size":182654,"updateDate":1461664833000,"isPlatformCompatible":true},{"id":"langpack-pt-BR@firefox.mozilla.org","icons":{"32":"https://addons.cdn.mozilla.net/user-media/addon_icons/4/4851-32.png?modified=1391771865","64":"https://addons.cdn.mozilla.net/user-media/addon_icons/4/4851-64.png?modified=1391771865"},"type":"locale","name":"Interface Português/Brasil [pt-BR]","version":"53.0","creator":{"name":"jhltmnn","url":"https://addons.mozilla.org/en-US/firefox/user/hultmann/?src=api"},"developers":[{"name":"Mozilla","url":"https://addons.mozilla.org/en-US/firefox/user/mozilla/?src=api"}],"description":"Tradução do Firefox para o português brasileiro. Complemente a tradução instalando o corretor ortográfico: https://addons.mozilla.org/firefox/addon/corretor/","fullDescription":"Usa um Firefox antigo? Clique, no rodapé da página, “Informações da versão”, “Ver o histórico completo de versões”.\n\nUse esta extensão para traduzir o Mozilla Firefox em inglês para o português. É a mesma tradução do Firefox pt-BR.\n\nUse a extensão Locale Switcher para alternar entre os idiomas instalados. Para mais detalhes clique no link da homepage.","developerComments":null,"eula":null,"homepageURL":"http://br.mozdev.org/firefox/idiomas","learnmoreURL":"https://addons.mozilla.org/en-US/firefox/addon/firefox-br/?src=api","supportURL":null,"averageRating":4,"reviewCount":33,"reviewURL":"https://addons.mozilla.org/en-US/firefox/addon/firefox-br/reviews/?src=api","totalDownloads":1302243,"weeklyDownloads":5387,"dailyUsers":864670,"sourceURI":"https://addons.mozilla.org/firefox/downloads/file/633162/interface_portuguesbrasil_pt_br-53.0-fx.xpi?src=api","repositoryStatus":4,"size":462958,"updateDate":1492609626000,"isPlatformCompatible":true,"compatibilityOverrides":[{"type":"incompatible","minVersion":"0","maxVersion":"10.0.2","appID":"{ec8030f7-c20a-464f-9b0e-13a3a9e97384}","appMinVersion":"10.0a1","appMaxVersion":"*"}]},{"id":"es-es@dictionaries.addons.mozilla.org","icons":{"32":"https://addons.cdn.mozilla.net/static/img/addon-icons/dictionary-32.png","64":"https://addons.cdn.mozilla.net/static/img/addon-icons/dictionary-64.png"},"type":"dictionary","name":"Spanish (Spain) Dictionary","version":"2.2","creator":{"name":"tnarik","url":"https://addons.mozilla.org/en-US/thunderbird/user/tnarik/?src=api"},"developers":[{"name":"RickieES","url":"https://addons.mozilla.org/en-US/thunderbird/user/rickie39495/?src=api"}],"description":"Spanish/Spain Dictionary","fullDescription":"Spanish/Spain dictionary (for use with Firefox 2.0, Thunderbird 2.0a1 and SeaMonkey 1.1a)\n\nXPI repackaging of Spanish spelling dictionary, es-ES variant, from RLA-ES project, which was started and maintained by Santiago Bosio, mainly aimed to OpenOffice.org.\n\nThis add-on is meant to check spelling (it is NOT an academic dictionary and it does NOT include definitions for Spainsh language words). To use this add-on, write text (in a webform textarea field in Firefox or SeaMonkey, in a e-mail composition window in Thunderbird or SeaMonkey, etc.), right-clic the textarea and choose Check speling from the pop-up menu.","developerComments":"Please, read the compatibility information before complaining or ranting about compatibility issues.\n\nTo report issues with the dictionary, please use the contact form at NAVE Project website (http://www.proyectonave.es/contact).","eula":null,"homepageURL":"http://www.proyectonave.es/productos/extensiones/diccionario-es-ES","learnmoreURL":"https://addons.mozilla.org/en-US/thunderbird/addon/spanish-spain-dictionary/?src=api","supportURL":"http://www.mozilla-hispano.org/documentacion/Preguntas_frecuentes_sobre_el_diccionario_ortogr%C3%A1fico","averageRating":4,"reviewCount":112,"reviewURL":"https://addons.mozilla.org/en-US/thunderbird/addon/spanish-spain-dictionary/reviews/?src=api","totalDownloads":12347354,"weeklyDownloads":7217,"dailyUsers":229490,"sourceURI":"https://addons.mozilla.org/thunderbird/downloads/file/579448/diccionario_de_espanolespana-2.2-an+fn+fx+sm+tb.xpi?src=api","repositoryStatus":4,"size":262327,"updateDate":1485549046000,"isPlatformCompatible":true},{"id":"langpack-es-ES@firefox.mozilla.org","icons":{"32":null,"64":null},"type":"locale","name":"Español (España) Language Pack","version":"53.0","creator":{"name":"Mozilla","url":"https://addons.mozilla.org/en-US/firefox/user/mozilla/?src=api"},"description":"Español (España) Language Pack","fullDescription":null,"developerComments":null,"eula":null,"homepageURL":"https://addons.mozilla.org/en-US/firefox/addon/espa%C3%B1ol-espa%C3%B1a-language-pac/?src=api","learnmoreURL":"https://addons.mozilla.org/en-US/firefox/addon/espa%C3%B1ol-espa%C3%B1a-language-pac/?src=api","supportURL":null,"averageRating":3,"reviewCount":5,"reviewURL":"https://addons.mozilla.org/en-US/firefox/addon/espa%C3%B1ol-espa%C3%B1a-language-pac/reviews/?src=api","totalDownloads":297385,"weeklyDownloads":345,"dailyUsers":297385,"sourceURI":"https://addons.mozilla.org/firefox/downloads/file/633139/espanol_espana_language_pack-53.0-fx.xpi?src=api","repositoryStatus":4,"size":367334,"updateDate":1492609610000,"isPlatformCompatible":true},{"id":"support@lastpass.com","icons":{"32":"https://addons.cdn.mozilla.net/user-media/addon_icons/8/8542-32.png?modified=1490181621","64":"https://addons.cdn.mozilla.net/user-media/addon_icons/8/8542-64.png?modified=1490181621"},"type":"extension","name":"LastPass Password Manager","version":"3.3.4","creator":{"name":"LastPass","url":"https://addons.mozilla.org/en-US/firefox/user/lastpass/?src=api"},"description":"LastPass, an award-winning password manager, saves your passwords and gives you secure access from every computer and mobile device.","fullDescription":"LastPass is a password manager that simplifies everything you do online by remembering your passwords, logging into your sites with one click, creating strong passwords for every account, and so much more.\n\nJoin over 10 million people who love getting more done every day with our award-winning password manager!\n\nWith LastPass, you only remember one master password and LastPass takes care of the rest. It fills your logins for you and instantly syncs from your desktop to your laptop, your computer to your smartphone, your tablet to the web, so you never struggle to remember another password. LastPass is free no matter what device you use!\n\nWhy Use a Password Manager?\n- Save, encrypt and backup all your passwords and logins, automatically\n- Sync your data no matter which browser, computer, or mobile device you use\n- Only one strong master password to remember\n- Securely store more logins, with more universal recognition of websites, including bank logins\n- All the features you need to be more productive and efficient\n- Only YOU know your master password, LastPass never has your key\n- Secure offline access to your data via the browser extensions and mobile apps\n\nSave Everything & Increase Productivity:\n- Store login usernames and passwords for all online accounts\n- Fill web logins automatically - no typing required!\n- Checkout fast with shopping profiles\n- Create Secure Notes to store memberships, credit cards, & other important records\n- Attach documents, PDFs, images, audio, and more\n- Keep everything organized in a searchable “vault”\n- Collaborate with others with more secure password sharing features\n\nUniversal Access:\n- Add LastPass to any browser on any computer\n- Login with the same LastPass account everywhere\n- Sync all of your passwords and data automatically\n- Have convenient access to your passwords on all your devices, including any desktop, laptop, smartphone, or tablet\n\nSecurity First:\n- Generate secure passwords to replace weak ones\n- Change passwords automatically on over 75 sites with Auto-Password Change\n- Create strong, unique passwords as you sign up for new websites\n- Protect your LastPass account with multifactor authentication\n- Audit your passwords with the LastPass Security Challenge\n- Flexible security features like autologoff options and master password reprompts\n\nOnly you know your master password, and only you can access your vault. Your master password is never shared with LastPass. That’s why millions of people and businesses trust LastPass to keep their information safe. We protect your data at every step.\n\nLastPass is free to download and use on any desktop or laptop computer. LastPass Premium adds more features, like family password sharing, 1 GB of encrypted file storage, Premium two-factor authentication options like YubiKey, and priority tech support. Learn more at https://lastpass.com/go-premium\n\nLearn about more features and get LastPass for Internet Explorer, Firefox, Safari, and Opera from www.LastPass.com","developerComments":null,"eula":null,"screenshots":[{"url":"https://addons.cdn.mozilla.net/user-media/previews/full/171/171883.png?src=api&modified=1457369923","width":"440","height":"280","thumbnailURL":"https://addons.cdn.mozilla.net/user-media/previews/thumbs/171/171883.png?src=api&modified=1457369923","thumbnailWidth":"200","thumbnailHeight":"127","caption":"LastPass is an award-winning password manager and form fill for all browsers, platforms, and mobile devices."},{"url":"https://addons.cdn.mozilla.net/user-media/previews/full/171/171884.png?src=api&modified=1457369924","width":"640","height":"400","thumbnailURL":"https://addons.cdn.mozilla.net/user-media/previews/thumbs/171/171884.png?src=api&modified=1457369924","thumbnailWidth":"200","thumbnailHeight":"125","caption":"All your data, everywhere you need it."},{"url":"https://addons.cdn.mozilla.net/user-media/previews/full/171/171885.png?src=api&modified=1457369924","width":"640","height":"400","thumbnailURL":"https://addons.cdn.mozilla.net/user-media/previews/thumbs/171/171885.png?src=api&modified=1457369924","thumbnailWidth":"200","thumbnailHeight":"125","caption":"Autofill your logins & save as you go, no forgotten passwords."},{"url":"https://addons.cdn.mozilla.net/user-media/previews/full/171/171886.png?src=api&modified=1457369924","width":"640","height":"400","thumbnailURL":"https://addons.cdn.mozilla.net/user-media/previews/thumbs/171/171886.png?src=api&modified=1457369924","thumbnailWidth":"200","thumbnailHeight":"125","caption":"Create strong passwords & LastPass remembers them for you."},{"url":"https://addons.cdn.mozilla.net/user-media/previews/full/171/171887.png?src=api&modified=1457369924","width":"640","height":"400","thumbnailURL":"https://addons.cdn.mozilla.net/user-media/previews/thumbs/171/171887.png?src=api&modified=1457369924","thumbnailWidth":"200","thumbnailHeight":"125","caption":"Manage all of your accounts from one easy-to-use vault."}],"homepageURL":"https://lastpass.com/","learnmoreURL":"https://addons.mozilla.org/en-US/firefox/addon/lastpass-password-manager/?src=api","supportURL":"http://forums.lastpass.com/","averageRating":4,"reviewCount":1518,"reviewURL":"https://addons.mozilla.org/en-US/firefox/addon/lastpass-password-manager/reviews/?src=api","totalDownloads":14386040,"weeklyDownloads":69006,"dailyUsers":686408,"sourceURI":"https://addons.mozilla.org/firefox/downloads/file/611378/lastpass_password_manager-3.3.4-an+fn+fx+sm.xpi?src=api","repositoryStatus":4,"size":6258817,"updateDate":1490180724000,"isPlatformCompatible":true},{"id":"https-everywhere@eff.org","icons":{"32":"https://addons.cdn.mozilla.net/user-media/addon_icons/229/229918-32.png?modified=1492644019","64":"https://addons.cdn.mozilla.net/user-media/addon_icons/229/229918-64.png?modified=1492644019"},"name":"HTTPS Everywhere","type":"extension","version":"5.2.15","repositoryStatus":4,"creator":{"name":"EFF Technologists","url":"https://addons.mozilla.org/en-US/firefox/user/eff-technologists/?src=api"},"description":"Encrypt the web! HTTPS Everywhere is a Firefox extension to protect your communications by enabling HTTPS encryption automatically on sites that are known to support it, even when you type URLs or follow links that omit the https: prefix.","fullDescription":"Many sites on the web offer some limited support for encryption over HTTPS, but make it difficult to use. For instance, they may default to unencrypted HTTP, or fill encrypted pages with links that go back to the unencrypted site.\n\nThe HTTPS Everywhere extension fixes these problems by rewriting all requests to these sites to HTTPS.","isPlatformCompatible":true,"eula":null,"screenshots":[{"url":"https://addons.cdn.mozilla.net/user-media/previews/full/176/176226.png?src=api&modified=1468886911","width":"650","height":"265","thumbnailURL":"https://addons.cdn.mozilla.net/user-media/previews/thumbs/176/176226.png?src=api&modified=1468886911","thumbnailWidth":"200","thumbnailHeight":"82"}],"averageRating":4,"learnmoreURL":"https://addons.mozilla.org/en-US/firefox/addon/https-everywhere/?src=api","homepageURL":"https://www.eff.org/https-everywhere","sourceURI":"https://addons.mozilla.org/firefox/downloads/file/633506/https_everywhere-5.2.15-an+fx+sm+tb.xpi?src=api","size":2923524,"developerComments":null,"reviewURL":"https://addons.mozilla.org/en-US/firefox/addon/https-everywhere/reviews/?src=api","reviewCount":150,"totalDownloads":2242994,"weeklyDownloads":31041,"dailyUsers":342590,"updateDate":1492640416000,"supportURL":"https://www.eff.org/https-everywhere"},{"id":"{a7c6cf7f-112c-4500-a7ea-39801a327e5f}","icons":{"32":"https://addons.cdn.mozilla.net/user-media/addon_icons/0/684-32.png?modified=1484896821","64":"https://addons.cdn.mozilla.net/user-media/addon_icons/0/684-64.png?modified=1484896821"},"name":"FireFTP","type":"extension","version":"2.0.31","repositoryStatus":4,"creator":{"name":"Mime Čuvalo","url":"https://addons.mozilla.org/en-US/firefox/user/mime-%C4%8Duvalo/?src=api"},"description":"FireFTP is a free, secure, cross-platform FTP/SFTP client for Mozilla Firefox which provides easy and intuitive access to FTP/SFTP servers.\n\nCheck out my new project, FireSSH!","fullDescription":"gSiteManager/no accounts problem:\nThere's a tool available now to fix the files that are affected by the gSiteManager problem.\nVisit: http://fireftp.net/help.html\nThen click \"I can't add accounts - all of my accounts are a gone and I'm seeing an error saying gSiteManager is undefined\" to see a tool that will allow you to convert the file properly.\n\nAlong with transferring your files quickly and efficiently, FireFTP also includes more advanced features such as: directory comparison, syncing directories while navigating, SFTP, SSL encryption, search/filtering, integrity checks, remote editing, drag & drop, file hashing, and much more!","isPlatformCompatible":true,"eula":null,"screenshots":[{"url":"https://addons.cdn.mozilla.net/user-media/previews/full/61/61411.png?src=api&modified=1312297293","width":"256","height":"256","thumbnailURL":"https://addons.cdn.mozilla.net/user-media/previews/thumbs/61/61411.png?src=api&modified=1312297293","thumbnailWidth":"150","thumbnailHeight":"150"},{"url":"https://addons.cdn.mozilla.net/user-media/previews/full/9/9570.png?src=api&modified=1331218902","thumbnailURL":"https://addons.cdn.mozilla.net/user-media/previews/thumbs/9/9570.png?src=api&modified=1331218902","caption":"Manage files with ease"},{"url":"https://addons.cdn.mozilla.net/user-media/previews/full/15/15919.png?src=api&modified=1331218902","width":"690","height":"520","thumbnailURL":"https://addons.cdn.mozilla.net/user-media/previews/thumbs/15/15919.png?src=api&modified=1331218902","thumbnailWidth":"199","thumbnailHeight":"150"}],"averageRating":4,"learnmoreURL":"https://addons.mozilla.org/en-US/firefox/addon/fireftp/?src=api","homepageURL":"http://fireftp.net","sourceURI":"https://addons.mozilla.org/firefox/downloads/file/574248/fireftp-2.0.31-fx+sm.xpi?src=api","size":1073097,"contributionURL":"https://addons.mozilla.org/en-US/firefox/addon/fireftp/developers?src=api","contributionAmount":"$10.00","developerComments":null,"reviewURL":"https://addons.mozilla.org/en-US/firefox/addon/fireftp/reviews/?src=api","reviewCount":936,"totalDownloads":26142635,"weeklyDownloads":12819,"dailyUsers":371365,"updateDate":1484895392000,"supportURL":"http://fireftp.net/help.html"}]}