{"schemaVersion":19,"addons":[{"id":"aushelper@mozilla.org","syncGUID":"{a41932cb-4bfb-452f-a1dd-8f09a87992be}","location":"app-system-defaults","version":"2.0","type":"extension","internalName":null,"updateURL":null,"updateKey":null,"optionsURL":null,"optionsType":null,"aboutURL":null,"icons":{},"iconURL":null,"icon64URL":null,"defaultLocale":{"name":"Application Update Service Helper","description":"Sets value(s) in the update url based on custom checks.","creator":null,"homepageURL":null},"visible":true,"active":true,"userDisabled":false,"appDisabled":false,"descriptor":"C:\\FirefoxPortable64\\App\\firefox\\browser\\features\\aushelper@mozilla.org.xpi","installDate":1492142092000,"updateDate":1492142092000,"applyBackgroundUpdates":1,"bootstrap":true,"skinnable":false,"size":8486,"sourceURI":null,"releaseNotesURI":null,"softDisabled":false,"foreignInstall":false,"hasBinaryComponents":false,"strictCompatibility":false,"locales":[],"targetApplications":[{"id":"{ec8030f7-c20a-464f-9b0e-13a3a9e97384}","minVersion":"53.0","maxVersion":"53.*"}],"targetPlatforms":[],"multiprocessCompatible":true,"seen":true,"dependencies":[],"hasEmbeddedWebExtension":false,"mpcOptedOut":false,"userPermissions":null},{"id":"e10srollout@mozilla.org","syncGUID":"{bd801fc6-b730-4317-b6c3-05fc9bdfd5bc}","location":"app-system-defaults","version":"1.14","type":"extension","internalName":null,"updateURL":null,"updateKey":null,"optionsURL":null,"optionsType":null,"aboutURL":null,"icons":{},"iconURL":null,"icon64URL":null,"defaultLocale":{"name":"Multi-process staged rollout","description":"Staged rollout of Firefox multi-process feature.","creator":null,"homepageURL":null},"visible":true,"active":true,"userDisabled":false,"appDisabled":false,"descriptor":"C:\\FirefoxPortable64\\App\\firefox\\browser\\features\\e10srollout@mozilla.org.xpi","installDate":1492142092000,"updateDate":1492142092000,"applyBackgroundUpdates":1,"bootstrap":true,"skinnable":false,"size":8476,"sourceURI":null,"releaseNotesURI":null,"softDisabled":false,"foreignInstall":false,"hasBinaryComponents":false,"strictCompatibility":false,"locales":[],"targetApplications":[{"id":"{ec8030f7-c20a-464f-9b0e-13a3a9e97384}","minVersion":"53.0","maxVersion":"53.*"}],"targetPlatforms":[],"multiprocessCompatible":true,"seen":true,"dependencies":[],"hasEmbeddedWebExtension":false,"mpcOptedOut":false,"userPermissions":null},{"id":"firefox@getpocket.com","syncGUID":"{3e124e32-6331-4b85-a00b-8d6815575590}","location":"app-system-defaults","version":"1.0.5","type":"extension","internalName":null,"updateURL":null,"updateKey":null,"optionsURL":null,"optionsType":null,"aboutURL":null,"icons":{},"iconURL":null,"icon64URL":null,"defaultLocale":{"name":"Pocket","description":"When you find something you want to view later, put it in Pocket.","creator":null,"homepageURL":null},"visible":true,"active":true,"userDisabled":false,"appDisabled":false,"descriptor":"C:\\FirefoxPortable64\\App\\firefox\\browser\\features\\firefox@getpocket.com.xpi","installDate":1492142092000,"updateDate":1492142092000,"applyBackgroundUpdates":1,"bootstrap":true,"skinnable":false,"size":913563,"sourceURI":null,"releaseNotesURI":null,"softDisabled":false,"foreignInstall":false,"hasBinaryComponents":false,"strictCompatibility":false,"locales":[],"targetApplications":[{"id":"{ec8030f7-c20a-464f-9b0e-13a3a9e97384}","minVersion":"53.0","maxVersion":"53.*"}],"targetPlatforms":[],"multiprocessCompatible":true,"seen":true,"dependencies":[],"hasEmbeddedWebExtension":false,"mpcOptedOut":false,"userPermissions":null},{"id":"webcompat@mozilla.org","syncGUID":"{918324a2-e96a-4a43-9645-09d1342c763c}","location":"app-system-defaults","version":"1.0","type":"extension","internalName":null,"updateURL":null,"updateKey":null,"optionsURL":null,"optionsType":null,"aboutURL":null,"icons":{},"iconURL":null,"icon64URL":null,"defaultLocale":{"name":"Web Compat","description":"Urgent post-release fixes for web compatibility.","creator":null,"homepageURL":null},"visible":true,"active":true,"userDisabled":false,"appDisabled":false,"descriptor":"C:\\FirefoxPortable64\\App\\firefox\\browser\\features\\webcompat@mozilla.org.xpi","installDate":1492142092000,"updateDate":1492142092000,"applyBackgroundUpdates":1,"bootstrap":true,"skinnable":false,"size":1454,"sourceURI":null,"releaseNotesURI":null,"softDisabled":false,"foreignInstall":false,"hasBinaryComponents":false,"strictCompatibility":false,"locales":[],"targetApplications":[{"id":"{ec8030f7-c20a-464f-9b0e-13a3a9e97384}","minVersion":"53.0","maxVersion":"53.*"}],"targetPlatforms":[],"multiprocessCompatible":true,"seen":true,"dependencies":[],"hasEmbeddedWebExtension":false,"mpcOptedOut":false,"userPermissions":null},{"id":"{972ce4c6-7e08-4474-a285-3208198ce6fd}","syncGUID":"{6c72b278-0247-4548-bced-2d7a0328b59e}","location":"app-global","version":"53.0","type":"theme","internalName":"classic/1.0","updateURL":null,"updateKey":null,"optionsURL":null,"optionsType":null,"aboutURL":null,"icons":{},"iconURL":"chrome://browser/content/default-theme-icon.svg","icon64URL":null,"defaultLocale":{"name":"Default","description":"The default theme.","creator":"Mozilla","homepageURL":null,"contributors":["Mozilla Contributors"]},"visible":true,"active":false,"userDisabled":true,"appDisabled":false,"descriptor":"C:\\FirefoxPortable64\\App\\firefox\\browser\\extensions\\{972ce4c6-7e08-4474-a285-3208198ce6fd}.xpi","installDate":1492142092000,"updateDate":1492142092000,"applyBackgroundUpdates":1,"skinnable":true,"size":8201,"sourceURI":null,"releaseNotesURI":null,"softDisabled":false,"foreignInstall":false,"hasBinaryComponents":false,"strictCompatibility":true,"locales":[],"targetApplications":[{"id":"{ec8030f7-c20a-464f-9b0e-13a3a9e97384}","minVersion":"53.0","maxVersion":"53.0"}],"targetPlatforms":[],"seen":true,"dependencies":[],"hasEmbeddedWebExtension":false,"userPermissions":null},{"id":"{e4a8a97b-f2ed-450b-b12d-ee082ba24781}","syncGUID":"{29a7f632-6cb1-4d05-901a-36a5858152be}","location":"app-profile","version":"3.10","type":"extension","internalName":null,"updateURL":null,"updateKey":null,"optionsURL":"chrome://greasemonkey/content/options.xul","optionsType":null,"aboutURL":null,"icons":{},"iconURL":"chrome://greasemonkey/skin/icon32.png","icon64URL":null,"defaultLocale":{"name":"Greasemonkey","description":"A User Script Manager for Firefox","creator":"Aaron Boodman; http://youngpup.net/","homepageURL":"http://www.greasespot.net/","contributors":["Alexander Sturm; http://alex.st/","Anthony Lieuallen; http://arantius.com/","Chris Feldmann; http://axlotl.net/","David Schontzler; http://stilleye.com/","Erik Vold; http://erikvold.com/","Gareth Andrew; http://freegarethandrew.org/","Hisateru Tanaka","Jeremy Dunck; http://dunck.us/anabasis/","Jesper Kristensen; <mail@jesperkristensen.dk>","Johan Sundström; http://ecmanaut.blogspot.com/","JP Sugarbroad","Juan Pablo Guereca Alonso","Manpreet Singh","Mark Pilgrim; http://diveintomark.org/","Marti Martz","Matthew Gray; http://mkgray.com:8000/","Matthias Bauer; http://moeffju.net/","Mike Medley; http://sizzlemctwizzle.com/","Nikolas Coukouma; http://atrus.org/","Ori Avtallon","Pak Kei (logo); http://arkidect.com/","Sam Larison; http://samlarison.com/","Sergio Abreu; http://sitedosergio.sitesbr.net/","Tommi Rautava"]},"visible":true,"active":true,"userDisabled":false,"appDisabled":false,"descriptor":"C:\\FirefoxPortable64\\Data\\profile\\extensions\\{e4a8a97b-f2ed-450b-b12d-ee082ba24781}.xpi","installDate":1493195390347,"updateDate":1493195390347,"applyBackgroundUpdates":1,"bootstrap":false,"skinnable":false,"size":789731,"sourceURI":"https://addons.mozilla.org/firefox/downloads/latest/greasemonkey/addon-748-latest.xpi?src=dp-btn-primary","releaseNotesURI":null,"softDisabled":false,"foreignInstall":false,"hasBinaryComponents":false,"strictCompatibility":false,"locales":[],"targetApplications":[{"id":"{ec8030f7-c20a-464f-9b0e-13a3a9e97384}","minVersion":"38.0","maxVersion":"53.*"},{"id":"{8de7fcbb-c55c-4fbe-bfc5-fc555c87dbc4}","minVersion":"25.0","maxVersion":"25.*"}],"targetPlatforms":[],"multiprocessCompatible":true,"signedState":2,"seen":true,"dependencies":[],"hasEmbeddedWebExtension":false,"mpcOptedOut":false,"userPermissions":null},{"id":"jid0-GXjLLfbCoAx0LcltEdFrEkQdQPI@jetpack","syncGUID":"{b8f83755-ce07-48a4-b239-28bb7b2f5f47}","location":"app-profile","version":"3.0.18","type":"webextension","internalName":null,"updateURL":null,"updateKey":null,"optionsURL":"options.html","optionsType":5,"aboutURL":null,"icons":{"16":"images/icon16.png","32":"images/icon32.png","48":"images/icon48.png","128":"images/icon128.png"},"iconURL":null,"icon64URL":null,"defaultLocale":{"name":"Awesome Screenshot - Capture, Annotate & More","description":"Screen capture for all or part of any web page. Add annotations, comments, blur sensitive info, and share with one-click uploads.","creator":null,"developers":null,"translators":null,"contributors":null},"visible":true,"active":true,"userDisabled":false,"appDisabled":false,"descriptor":"C:\\FirefoxPortable64\\Data\\profile\\extensions\\jid0-GXjLLfbCoAx0LcltEdFrEkQdQPI@jetpack.xpi","installDate":1493196088789,"updateDate":1493196088789,"applyBackgroundUpdates":1,"bootstrap":true,"skinnable":false,"size":2677842,"sourceURI":"https://addons.mozilla.org/firefox/downloads/file/629306/awesome_screenshot_plus_capture_annotate_more-3.0.18-an+fx.xpi?src=discovery-promo","releaseNotesURI":null,"softDisabled":false,"foreignInstall":false,"hasBinaryComponents":false,"strictCompatibility":true,"locales":[{"name":"Awesome Screenshot - Capture, Annotate & More","description":"Screen capture for all or part of any web page. Add annotations, comments, blur sensitive info, and share with one-click uploads.","creator":null,"developers":null,"translators":null,"contributors":null,"locales":["en"]},{"name":"Awesome Screenshot - Capture, Annotate & More","description":"ページ全体や一部をキャプチャーし、各種の図形や文字で注釈をつけ、ワンクリックでアップロードして共有できます。","creator":null,"developers":null,"translators":null,"contributors":null,"locales":["ja"]},{"name":"Awesome Screenshot - Capture, Annotate & More","description":"Capturez la page tout ou partie, d'annoter écran, flou informations sensibles, en un seul clic télécharger à part.","creator":null,"developers":null,"translators":null,"contributors":null,"locales":["fr"]},{"name":"Awesome Screenshot - Capture, Annotate & More","description":"Cattura l'intera pagina o parte, annotare screenshot, sfocatura informazioni sensibili, uno-clic su Carica per condividere.","creator":null,"developers":null,"translators":null,"contributors":null,"locales":["it"]},{"name":"Awesome Screenshot - Capture, Annotate & More","description":"捕获整个页面或任何部分，矩形，圆形，箭头，线条和文字，模糊敏感信息，一键上传分享注释。支持PNG和链接","creator":null,"developers":null,"translators":null,"contributors":null,"locales":["zh-CN"]},{"name":"Awesome Screenshot - Capture, Annotate & More","description":"Captura toda la pantalla o cualquier porción, anota con rectángulos, círculos, flechas, líneas y texto, sube y comparte con un clic.","creator":null,"developers":null,"translators":null,"contributors":null,"locales":["es"]}],"targetApplications":[{"id":"toolkit@mozilla.org","minVersion":"48.0","maxVersion":null}],"targetPlatforms":[],"multiprocessCompatible":true,"signedState":2,"seen":true,"dependencies":[],"hasEmbeddedWebExtension":false,"userPermissions":{"hosts":["<all_urls>","https://accounts.google.com/o/oauth2/token","*://*.awesomescreenshot.com/save-local-flash/*","http://*/*","https://*/*","https://www.google.com/robots.txt*"],"apis":[],"permissions":["activeTab","tabs","webRequest","webRequestBlocking","idle","storage","downloads","webNavigation","cookies"]}},{"id":"jid0-fbHwsGfb6kJyq2hj65KnbGte3yT@jetpack","syncGUID":"{8f3b2d14-ed13-407e-bf30-67ecfc67a23b}","location":"app-profile","version":"0.2.1","type":"extension","internalName":null,"updateURL":null,"updateKey":null,"optionsURL":"data:text/xml,<placeholder/>","optionsType":"2","aboutURL":null,"icons":{"32":"icon.png","48":"icon.png","64":"icon64.png"},"iconURL":null,"icon64URL":null,"defaultLocale":{"name":"Dictionary (Google™ Translate) Anywhere","description":"Dictionary Anywhere provides access to a floating multilingual Google™ Translate panel on any webpage.","creator":"Jeremy Schomery","homepageURL":null},"visible":true,"active":true,"userDisabled":false,"appDisabled":false,"descriptor":"C:\\FirefoxPortable64\\Data\\profile\\extensions\\jid0-fbHwsGfb6kJyq2hj65KnbGte3yT@jetpack.xpi","installDate":1493196213324,"updateDate":1493196213324,"applyBackgroundUpdates":1,"bootstrap":true,"skinnable":false,"size":102551,"sourceURI":"https://addons.mozilla.org/firefox/downloads/latest/dictionary-anywhere/addon-608412-latest.xpi?src=cb-dl-featured","releaseNotesURI":null,"softDisabled":false,"foreignInstall":false,"hasBinaryComponents":false,"strictCompatibility":false,"locales":[],"targetApplications":[{"id":"{ec8030f7-c20a-464f-9b0e-13a3a9e97384}","minVersion":"38.0a1","maxVersion":"*"}],"targetPlatforms":[],"multiprocessCompatible":true,"signedState":2,"seen":true,"dependencies":[],"hasEmbeddedWebExtension":false,"mpcOptedOut":false,"userPermissions":null},{"id":"French-GC@grammalecte.net","syncGUID":"{2e5c2079-39a4-4e0e-b015-27527aec016b}","location":"app-profile","version":"0.5.15.1","type":"extension","internalName":null,"updateURL":null,"updateKey":null,"optionsURL":"data:text/xml,<placeholder/>","optionsType":"2","aboutURL":null,"icons":{},"iconURL":"data/img/icon-48.png","icon64URL":null,"defaultLocale":{"name":"Grammalecte [fr]","description":"Correcteur grammatical pour le français","creator":"Olivier R.","homepageURL":"http://www.dicollecte.org/grammalecte"},"visible":true,"active":true,"userDisabled":false,"appDisabled":false,"descriptor":"C:\\FirefoxPortable64\\Data\\profile\\extensions\\French-GC@grammalecte.net","installDate":1493196311627,"updateDate":1493196311627,"applyBackgroundUpdates":1,"bootstrap":true,"skinnable":false,"size":13121368,"sourceURI":"https://addons.mozilla.org/firefox/downloads/latest/grammalecte-fr/addon-701168-latest.xpi?src=search","releaseNotesURI":null,"softDisabled":false,"foreignInstall":false,"hasBinaryComponents":false,"strictCompatibility":false,"locales":[],"targetApplications":[{"id":"{ec8030f7-c20a-464f-9b0e-13a3a9e97384}","minVersion":"45.0","maxVersion":"*"}],"targetPlatforms":[],"multiprocessCompatible":true,"signedState":2,"seen":true,"dependencies":[],"hasEmbeddedWebExtension":false,"mpcOptedOut":false,"userPermissions":null},{"id":"languagetool-webextension@languagetool.org","syncGUID":"{6567a552-f78e-440c-b30a-1096f937fc33}","location":"app-profile","version":"1.0.13","type":"webextension","internalName":null,"updateURL":null,"updateKey":null,"optionsURL":"options.html","optionsType":5,"aboutURL":null,"icons":{"16":"images/icon16.png","48":"images/icon48.png","128":"images/icon128.png"},"iconURL":null,"icon64URL":null,"defaultLocale":{"name":"LanguageTool - Grammar and Style Checker","description":"Check your texts for style and grammar problems everywhere on the web","creator":"Daniel Naber","homepageURL":"https://languagetool.org","developers":null,"translators":null,"contributors":null},"visible":true,"active":true,"userDisabled":false,"appDisabled":false,"descriptor":"C:\\FirefoxPortable64\\Data\\profile\\extensions\\languagetool-webextension@languagetool.org.xpi","installDate":1493196322380,"updateDate":1493196322380,"applyBackgroundUpdates":1,"bootstrap":true,"skinnable":false,"size":399329,"sourceURI":"https://addons.mozilla.org/firefox/downloads/latest/languagetool/platform:5/addon-708770-latest.xpi?src=search","releaseNotesURI":null,"softDisabled":false,"foreignInstall":false,"hasBinaryComponents":false,"strictCompatibility":true,"locales":[{"name":"LanguageTool - Grammar and Style Checker","description":"Check your texts for style and grammar problems everywhere on the web","creator":"Daniel Naber","homepageURL":"https://languagetool.org","developers":null,"translators":null,"contributors":null,"locales":["en"]},{"name":"LanguageTool - Grammar and Style Checker","description":"Verifica os teus textos para os problemas de estilo e gramática em todos os lugares na web","creator":"Daniel Naber","homepageURL":"https://languagetool.org","developers":null,"translators":null,"contributors":null,"locales":["pt-PT"]},{"name":"LanguageTool - Grammar and Style Checker","description":"Перевіряйте граматику та стиль текстів будь-де у вебі","creator":"Daniel Naber","homepageURL":"https://languagetool.org","developers":null,"translators":null,"contributors":null,"locales":["uk"]},{"name":"LanguageTool - Grammar and Style Checker","description":"Correggi il tuo testo per stile e grammatica ovunque sul web","creator":"Daniel Naber","homepageURL":"https://languagetool.org","developers":null,"translators":null,"contributors":null,"locales":["it"]},{"name":"LanguageTool - Grammar and Style Checker","description":"Texte auf Grammatikfehler prüfen - überall im Web!","creator":"Daniel Naber","homepageURL":"https://languagetool.org","developers":null,"translators":null,"contributors":null,"locales":["de"]},{"name":"LanguageTool - Grammar and Style Checker","description":"Reviseu la gramàtica i l'estil dels vostres texts arreu d'Internet. ","creator":"Daniel Naber","homepageURL":"https://languagetool.org","developers":null,"translators":null,"contributors":null,"locales":["ca"]},{"name":"LanguageTool - Grammar and Style Checker","description":"Проверка грамматики и стиля для текста любого сайта Интернета.","creator":"Daniel Naber","homepageURL":"https://languagetool.org","developers":null,"translators":null,"contributors":null,"locales":["ru"]},{"name":"LanguageTool - Grammar and Style Checker","description":"Preverite slog in slovnične težave svojih besedil kjer koli na spletu","creator":"Daniel Naber","homepageURL":"https://languagetool.org","developers":null,"translators":null,"contributors":null,"locales":["sl"]},{"name":"LanguageTool - Grammar and Style Checker","description":"Ελέγξτε το κείμενο σας για γραμματικά λάθη στο διαδίκτυο.","creator":"Daniel Naber","homepageURL":"https://languagetool.org","developers":null,"translators":null,"contributors":null,"locales":["el"]},{"name":"LanguageTool - Grammar and Style Checker","description":"Check your texts for style and grammar problems everywhere on the web","creator":"Daniel Naber","homepageURL":"https://languagetool.org","developers":null,"translators":null,"contributors":null,"locales":["es"]},{"name":"LanguageTool - Grammar and Style Checker","description":"Verifique problemas gramaticais e de estilo em seus textos em qualquer lugar da web","creator":"Daniel Naber","homepageURL":"https://languagetool.org","developers":null,"translators":null,"contributors":null,"locales":["pt-BR"]}],"targetApplications":[{"id":"toolkit@mozilla.org","minVersion":null,"maxVersion":null}],"targetPlatforms":[],"multiprocessCompatible":true,"signedState":2,"seen":true,"dependencies":[],"hasEmbeddedWebExtension":false,"userPermissions":{"hosts":["http://*/*","https://*/*","file:///*","https://languagetool.org/*","https://www.languagetool.org/*"],"apis":[],"permissions":["activeTab","storage","contextMenus"]}},{"id":"gaurangnshah@gmail.com","syncGUID":"{b07225d5-7627-49cc-98c8-a11832bab200}","location":"app-profile","version":"1.3.2.1-signed.1-signed","type":"extension","internalName":null,"updateURL":null,"updateKey":null,"optionsURL":null,"optionsType":null,"aboutURL":null,"icons":{},"iconURL":"chrome://spellchecker/content/images/ok32.png","icon64URL":null,"defaultLocale":{"name":"Spell Checker","description":"Checks the webpage for spelling mistakes and highlights it.","creator":"Gaurang Shah","homepageURL":"http://gaurangnshah.googlepages.com/spellchecker"},"visible":true,"active":true,"userDisabled":false,"appDisabled":false,"descriptor":"C:\\FirefoxPortable64\\Data\\profile\\extensions\\gaurangnshah@gmail.com.xpi","installDate":1493196452411,"updateDate":1493196452411,"applyBackgroundUpdates":1,"bootstrap":false,"skinnable":false,"size":54206,"sourceURI":"https://addons.mozilla.org/firefox/downloads/latest/spell-checker/addon-11259-latest.xpi?src=search","releaseNotesURI":null,"softDisabled":false,"foreignInstall":false,"hasBinaryComponents":false,"strictCompatibility":false,"locales":[],"targetApplications":[{"id":"{ec8030f7-c20a-464f-9b0e-13a3a9e97384}","minVersion":"1.5","maxVersion":"26.*"}],"targetPlatforms":[],"multiprocessCompatible":false,"signedState":2,"seen":true,"dependencies":[],"hasEmbeddedWebExtension":false,"mpcOptedOut":false,"userPermissions":null},{"id":"SpanishSpellingChecker@lipocodes","syncGUID":"{0f3ced05-23be-422f-b1f8-b8d989b6213c}","location":"app-profile","version":"2.7","type":"extension","internalName":null,"updateURL":null,"updateKey":null,"optionsURL":null,"optionsType":null,"aboutURL":null,"icons":{},"iconURL":null,"icon64URL":null,"defaultLocale":{"name":"Spanish Spelling Checker","description":null,"creator":"LipoCodes","homepageURL":null},"visible":true,"active":true,"userDisabled":false,"appDisabled":false,"descriptor":"C:\\FirefoxPortable64\\Data\\profile\\extensions\\SpanishSpellingChecker@lipocodes.xpi","installDate":1493196452421,"updateDate":1493196452421,"applyBackgroundUpdates":1,"bootstrap":false,"skinnable":false,"size":14396,"sourceURI":"https://addons.mozilla.org/firefox/downloads/latest/spanish-spelling-checker/addon-455912-latest.xpi?src=search","releaseNotesURI":null,"softDisabled":false,"foreignInstall":false,"hasBinaryComponents":false,"strictCompatibility":false,"locales":[],"targetApplications":[{"id":"{ec8030f7-c20a-464f-9b0e-13a3a9e97384}","minVersion":"18.0","maxVersion":"47.*"},{"id":"{3550f703-e582-4d05-9a08-453d09bdfdc6}","minVersion":"18.0","maxVersion":"47.*"}],"targetPlatforms":[],"multiprocessCompatible":true,"signedState":2,"seen":true,"dependencies":[],"hasEmbeddedWebExtension":false,"mpcOptedOut":false,"userPermissions":null},{"id":"QuickLocaleSwitcher2@choggi.org","syncGUID":"{20467a26-edb2-4b99-939f-ab8a8bf6449b}","location":"app-profile","version":"0.0.1","type":"extension","internalName":null,"updateURL":null,"updateKey":null,"optionsURL":"chrome://qls/content/qlssettings.xul","optionsType":null,"aboutURL":null,"icons":{},"iconURL":"chrome://qls/skin/qls_32x32.png","icon64URL":"chrome://qls/skin/qls_64x64.png","defaultLocale":{"name":"Quick Locale Switcher 2","description":"Quickly change the general.useragent.locale preference.","creator":"ChoGGi","homepageURL":"https://addons.mozilla.org/addon/quick-locale-switcher-2/","translators":["Thanks to babelzilla.org","-","Goofy (fr)","MatrixIsAllOver (it)","Chuzo (es-ES)","Victory (ja-JP until 1.4)","seabow (ja-JP until 1.5)","Premier (ja until 1.6.7)","Fenian (de-DE)","Batuhan Çetin (tr)","BlueRobot (ko-KR)","Teo (pl)","Petr Šimek (cs-CZ)","Emu (bg-BG)","Zefranc (pt-PT)","Miles (sl-SI)","Fang5566 (zh-CN)","Wladow (sk-SK)","TLemur (ru-RU)","moZes (fy-NL)","Winiah (zh-TW)","Teboga (pt-BR)","AlleyKat (da)","Garas (lt-LT)","miz (ja-JP-mac) (until 1.5)","Regueifeiro (gl-ES)","Besnik (sq-AL)","siiie (he-IL)","Sonickydon (el)","Ian Moody (en-GB)","Pedram Veisi (fa-IR)","phireak (km-KH)","Khoruzhin (uk-UA)","Krcko (hr-HR)","Andrew O. Shadoura (be-BY)","tonynguyen (vi-VN)","dan.lungescu (ro-RO)","acushnir (es-AR)","gLes (hu-HU)","gandhi2 (nb-NO)","bscd (fi)","Opakoman (ca-AD)","nassimjd (ar)","priyanhere (ml-IN)","srtxg (wa-BE)","kristjan (is-IS)","Ivan Jonoski (mk-MK)","Ekko (nn-NO)","ljushaff (sr-RS)","sorbzilla (eo)","sorbzilla (dsb)","sorbzilla (hsb)","Haebaru (ja-JP)","Lakrits (sv-SE)","akerbeltz (gd)"],"contributors":["Original author Martijn Kooij","Thanks to LXweb.nl for the GraphX","Thanks to Mark James of famfamfam.com (country flags)","Thanks to Rick of rick.jinlabs.com (gl-ES flag)"]},"visible":true,"active":true,"userDisabled":false,"appDisabled":false,"descriptor":"C:\\FirefoxPortable64\\Data\\profile\\extensions\\QuickLocaleSwitcher2@choggi.org.xpi","installDate":1493196452443,"updateDate":1493196452443,"applyBackgroundUpdates":1,"bootstrap":false,"skinnable":false,"size":1047569,"sourceURI":"https://addons.mozilla.org/firefox/downloads/latest/quick-locale-switcher-2/addon-742296-latest.xpi?src=search","releaseNotesURI":null,"softDisabled":false,"foreignInstall":false,"hasBinaryComponents":false,"strictCompatibility":false,"locales":[],"targetApplications":[{"id":"{8de7fcbb-c55c-4fbe-bfc5-fc555c87dbc4}","minVersion":"1.0","maxVersion":"26.*"},{"id":"{ec8030f7-c20a-464f-9b0e-13a3a9e97384}","minVersion":"4.0","maxVersion":"52.0"},{"id":"{3550f703-e582-4d05-9a08-453d09bdfdc6}","minVersion":"3.3a1pre","maxVersion":"52.0"},{"id":"{92650c4d-4b8e-4d2a-b7eb-24ecf4f6b63a}","minVersion":"2.1","maxVersion":"2.49"}],"targetPlatforms":[],"multiprocessCompatible":true,"signedState":2,"seen":true,"dependencies":[],"hasEmbeddedWebExtension":false,"mpcOptedOut":false,"userPermissions":null},{"id":"PortugueseSpellingChecker@lipocodes","syncGUID":"{1e000cb2-6a15-481b-b815-b3eecada6e3e}","location":"app-profile","version":"2.5","type":"extension","internalName":null,"updateURL":null,"updateKey":null,"optionsURL":null,"optionsType":null,"aboutURL":null,"icons":{},"iconURL":null,"icon64URL":null,"defaultLocale":{"name":"Portuguese Spelling Checker","description":null,"creator":"LipoCodes","homepageURL":null},"visible":true,"active":true,"userDisabled":false,"appDisabled":false,"descriptor":"C:\\FirefoxPortable64\\Data\\profile\\extensions\\PortugueseSpellingChecker@lipocodes.xpi","installDate":1493196452455,"updateDate":1493196452455,"applyBackgroundUpdates":1,"bootstrap":false,"skinnable":false,"size":20326,"sourceURI":"https://addons.mozilla.org/firefox/downloads/latest/portuguese-spelling-checker/addon-453168-latest.xpi?src=search","releaseNotesURI":null,"softDisabled":false,"foreignInstall":false,"hasBinaryComponents":false,"strictCompatibility":false,"locales":[],"targetApplications":[{"id":"{ec8030f7-c20a-464f-9b0e-13a3a9e97384}","minVersion":"18.0","maxVersion":"47.*"},{"id":"{3550f703-e582-4d05-9a08-453d09bdfdc6}","minVersion":"18.0","maxVersion":"47.*"}],"targetPlatforms":[],"multiprocessCompatible":true,"signedState":2,"seen":true,"dependencies":[],"hasEmbeddedWebExtension":false,"mpcOptedOut":false,"userPermissions":null},{"id":"ItalianSpellingChecker@lipocodes","syncGUID":"{d4b7e4e7-ebfc-44ee-92a9-7dcade29936b}","location":"app-profile","version":"2.7","type":"extension","internalName":null,"updateURL":null,"updateKey":null,"optionsURL":null,"optionsType":null,"aboutURL":null,"icons":{},"iconURL":null,"icon64URL":null,"defaultLocale":{"name":"Italian Spelling Checker","description":null,"creator":"LipoCodes","homepageURL":null},"visible":true,"active":true,"userDisabled":false,"appDisabled":false,"descriptor":"C:\\FirefoxPortable64\\Data\\profile\\extensions\\ItalianSpellingChecker@lipocodes.xpi","installDate":1493196452465,"updateDate":1493196452465,"applyBackgroundUpdates":1,"bootstrap":false,"skinnable":false,"size":14227,"sourceURI":"https://addons.mozilla.org/firefox/downloads/latest/italian-spelling-checker/addon-450432-latest.xpi?src=search","releaseNotesURI":null,"softDisabled":false,"foreignInstall":false,"hasBinaryComponents":false,"strictCompatibility":false,"locales":[],"targetApplications":[{"id":"{ec8030f7-c20a-464f-9b0e-13a3a9e97384}","minVersion":"17.0","maxVersion":"45.*"},{"id":"{3550f703-e582-4d05-9a08-453d09bdfdc6}","minVersion":"29.0","maxVersion":"45.*"}],"targetPlatforms":[],"multiprocessCompatible":false,"signedState":1,"seen":true,"dependencies":[],"hasEmbeddedWebExtension":false,"mpcOptedOut":false,"userPermissions":null},{"id":"GermanSpellingDictionary@lipocodes","syncGUID":"{e908dbb1-086d-444b-871a-fb8edd52f0c2}","location":"app-profile","version":"3.2","type":"extension","internalName":null,"updateURL":null,"updateKey":null,"optionsURL":null,"optionsType":null,"aboutURL":null,"icons":{},"iconURL":null,"icon64URL":null,"defaultLocale":{"name":"German Spelling Dictionary","description":null,"creator":"LipoCodes","homepageURL":null},"visible":true,"active":true,"userDisabled":false,"appDisabled":false,"descriptor":"C:\\FirefoxPortable64\\Data\\profile\\extensions\\GermanSpellingDictionary@lipocodes.xpi","installDate":1493196452475,"updateDate":1493196452475,"applyBackgroundUpdates":1,"bootstrap":false,"skinnable":false,"size":18639,"sourceURI":"https://addons.mozilla.org/firefox/downloads/latest/german-spelling-dictionary/addon-565762-latest.xpi?src=search","releaseNotesURI":null,"softDisabled":false,"foreignInstall":false,"hasBinaryComponents":false,"strictCompatibility":false,"locales":[],"targetApplications":[{"id":"{ec8030f7-c20a-464f-9b0e-13a3a9e97384}","minVersion":"29.0","maxVersion":"52.0"},{"id":"{3550f703-e582-4d05-9a08-453d09bdfdc6}","minVersion":"29.0","maxVersion":"52.0"}],"targetPlatforms":[],"multiprocessCompatible":true,"signedState":2,"seen":true,"dependencies":[],"hasEmbeddedWebExtension":false,"mpcOptedOut":false,"userPermissions":null},{"id":"FrenchSpellingChecker@lipocodes","syncGUID":"{8e928f7d-35ba-441a-9dd9-fb72f64fe793}","location":"app-profile","version":"3.5","type":"extension","internalName":null,"updateURL":null,"updateKey":null,"optionsURL":null,"optionsType":null,"aboutURL":null,"icons":{},"iconURL":null,"icon64URL":null,"defaultLocale":{"name":"French Spelling Checker","description":null,"creator":"LipoCodes","homepageURL":null},"visible":true,"active":true,"userDisabled":false,"appDisabled":false,"descriptor":"C:\\FirefoxPortable64\\Data\\profile\\extensions\\FrenchSpellingChecker@lipocodes.xpi","installDate":1493196452483,"updateDate":1493196452483,"applyBackgroundUpdates":1,"bootstrap":false,"skinnable":false,"size":24470,"sourceURI":"https://addons.mozilla.org/firefox/downloads/latest/french-spelling-checker/addon-454580-latest.xpi?src=search","releaseNotesURI":null,"softDisabled":false,"foreignInstall":false,"hasBinaryComponents":false,"strictCompatibility":false,"locales":[],"targetApplications":[{"id":"{ec8030f7-c20a-464f-9b0e-13a3a9e97384}","minVersion":"18.0","maxVersion":"52.0"},{"id":"{3550f703-e582-4d05-9a08-453d09bdfdc6}","minVersion":"18.0","maxVersion":"52.0"}],"targetPlatforms":[],"multiprocessCompatible":true,"signedState":2,"seen":true,"dependencies":[],"hasEmbeddedWebExtension":false,"mpcOptedOut":false,"userPermissions":null},{"id":"DutchSpellingChecker@lipocodes","syncGUID":"{8bcd8081-a8e0-442f-9f52-62c8fbaaea1a}","location":"app-profile","version":"3.0","type":"extension","internalName":null,"updateURL":null,"updateKey":null,"optionsURL":null,"optionsType":null,"aboutURL":null,"icons":{},"iconURL":null,"icon64URL":null,"defaultLocale":{"name":"Dutch Spelling Checker","description":null,"creator":"LipoCodes","homepageURL":null},"visible":true,"active":true,"userDisabled":false,"appDisabled":false,"descriptor":"C:\\FirefoxPortable64\\Data\\profile\\extensions\\DutchSpellingChecker@lipocodes.xpi","installDate":1493196452491,"updateDate":1493196452491,"applyBackgroundUpdates":1,"bootstrap":false,"skinnable":false,"size":12712,"sourceURI":"https://addons.mozilla.org/firefox/downloads/latest/dutch-spelling-checker/addon-449296-latest.xpi?src=search","releaseNotesURI":null,"softDisabled":false,"foreignInstall":false,"hasBinaryComponents":false,"strictCompatibility":false,"locales":[],"targetApplications":[{"id":"{ec8030f7-c20a-464f-9b0e-13a3a9e97384}","minVersion":"17.0","maxVersion":"46.*"}],"targetPlatforms":[],"multiprocessCompatible":true,"signedState":2,"seen":true,"dependencies":[],"hasEmbeddedWebExtension":false,"mpcOptedOut":false,"userPermissions":null},{"id":"en-US@dictionaries.addons.mozilla.org","syncGUID":"{1ce43daa-889e-457f-9ee4-c86012e6e57d}","location":"app-profile","version":"8.1","type":"dictionary","internalName":null,"updateURL":null,"updateKey":null,"optionsURL":null,"optionsType":null,"aboutURL":null,"icons":{},"iconURL":null,"icon64URL":null,"defaultLocale":{"name":"United States English Spellchecker","description":"English United States (en-US) Spellchecker","creator":"Giuliano Masseroni","homepageURL":"https://addons.mozilla.org/en-US/firefox/addon/3497","contributors":["Kevin Atkinson","Geoff Kuenning"]},"visible":true,"active":true,"userDisabled":false,"appDisabled":false,"descriptor":"C:\\FirefoxPortable64\\Data\\profile\\extensions\\en-US@dictionaries.addons.mozilla.org","installDate":1493196636020,"updateDate":1493196636020,"applyBackgroundUpdates":1,"bootstrap":true,"skinnable":false,"size":885966,"sourceURI":"https://addons.mozilla.org/firefox/downloads/latest/united-states-english-spellche/addon-3497-latest.xpi?src=dp-btn-primary","releaseNotesURI":null,"softDisabled":false,"foreignInstall":false,"hasBinaryComponents":false,"strictCompatibility":false,"locales":[],"targetApplications":[{"id":"{ec8030f7-c20a-464f-9b0e-13a3a9e97384}","minVersion":"5.0","maxVersion":"49.0"},{"id":"{3550f703-e582-4d05-9a08-453d09bdfdc6}","minVersion":"5.0","maxVersion":"49.0"},{"id":"{92650c4d-4b8e-4d2a-b7eb-24ecf4f6b63a}","minVersion":"2.0","maxVersion":"2.46"}],"targetPlatforms":[],"seen":true,"dependencies":[],"hasEmbeddedWebExtension":false,"userPermissions":null},{"id":"langpack-en-US@firefox.mozilla.org","syncGUID":"{fd33f449-892d-45f9-b742-1fd303e26697}","location":"app-profile","version":"53.0","type":"locale","internalName":null,"updateURL":null,"updateKey":null,"optionsURL":null,"optionsType":null,"aboutURL":null,"icons":{},"iconURL":null,"icon64URL":null,"defaultLocale":{"name":"English (US) Language Pack","description":null,"creator":"mozilla.org","homepageURL":null},"visible":true,"active":true,"userDisabled":false,"appDisabled":false,"descriptor":"C:\\FirefoxPortable64\\Data\\profile\\extensions\\langpack-en-US@firefox.mozilla.org.xpi","installDate":1493196685459,"updateDate":1493196685459,"applyBackgroundUpdates":1,"bootstrap":true,"skinnable":false,"size":1235466,"sourceURI":"https://addons.mozilla.org/firefox/downloads/latest/english-us-language-pack/addon-407142-latest.xpi?src=dp-btn-primary","releaseNotesURI":null,"softDisabled":false,"foreignInstall":false,"hasBinaryComponents":false,"strictCompatibility":true,"locales":[],"targetApplications":[{"id":"{ec8030f7-c20a-464f-9b0e-13a3a9e97384}","minVersion":"53.0","maxVersion":"53.*"}],"targetPlatforms":[],"seen":true,"dependencies":[],"hasEmbeddedWebExtension":false,"userPermissions":null},{"id":"langpack-zh-CN@firefox.mozilla.org","syncGUID":"{ba9f6ad3-6a05-4062-a439-b0736961b292}","location":"app-profile","version":"53.0","type":"locale","internalName":null,"updateURL":null,"updateKey":null,"optionsURL":null,"optionsType":null,"aboutURL":null,"icons":{},"iconURL":null,"icon64URL":null,"defaultLocale":{"name":"Chinese Simplified (zh-CN) Language Pack","description":null,"creator":"Mozest","homepageURL":null,"contributors":["Wen Shaohua","Jin Jian","Rongjun Mu","Xie Yanbo","Cathayan","YFdyh000","xcffl","Shen Hao","Liu Xing"]},"visible":true,"active":true,"userDisabled":false,"appDisabled":false,"descriptor":"C:\\FirefoxPortable64\\Data\\profile\\extensions\\langpack-zh-CN@firefox.mozilla.org.xpi","installDate":1493196692313,"updateDate":1493196692313,"applyBackgroundUpdates":1,"bootstrap":true,"skinnable":false,"size":1202329,"sourceURI":"https://addons.mozilla.org/firefox/downloads/latest/chinese-simplified-zh-cn-la/addon-417256-latest.xpi?src=dp-btn-primary","releaseNotesURI":null,"softDisabled":false,"foreignInstall":false,"hasBinaryComponents":false,"strictCompatibility":true,"locales":[],"targetApplications":[{"id":"{ec8030f7-c20a-464f-9b0e-13a3a9e97384}","minVersion":"53.0","maxVersion":"53.*"}],"targetPlatforms":[],"seen":true,"dependencies":[],"hasEmbeddedWebExtension":false,"userPermissions":null},{"id":"nl-NL@dictionaries.addons.mozilla.org","syncGUID":"{db661bd1-da9e-4405-b380-33c077210e92}","location":"app-profile","version":"3.1.2","type":"dictionary","internalName":null,"updateURL":null,"updateKey":null,"optionsURL":null,"optionsType":null,"aboutURL":null,"icons":{},"iconURL":null,"icon64URL":null,"defaultLocale":{"name":"Woordenboek Nederlands","description":"Dit woordenboek Nederlands voor de spellingcontrole in Mozilla-producten is gebaseerd op de woordenlijst 2.10G van OpenTaal. Het product volgt de regels en principes van de officiële spelling en draagt het Keurmerk Spelling van de Nederlandse Taalunie. Voor meer informatie zie: http://www.taalunieversum.org/spelling/keurmerk/","creator":"Wim Benes","homepageURL":"http://www.mozilla-nl.org","contributors":["Opentaal.org"]},"visible":true,"active":true,"userDisabled":false,"appDisabled":false,"descriptor":"C:\\FirefoxPortable64\\Data\\profile\\extensions\\nl-NL@dictionaries.addons.mozilla.org","installDate":1493196700741,"updateDate":1493196700741,"applyBackgroundUpdates":1,"bootstrap":true,"skinnable":false,"size":2458583,"sourceURI":"https://addons.mozilla.org/firefox/downloads/latest/woordenboek-nederlands/addon-3291-latest.xpi?src=dp-btn-primary","releaseNotesURI":null,"softDisabled":false,"foreignInstall":false,"hasBinaryComponents":false,"strictCompatibility":false,"locales":[],"targetApplications":[{"id":"{ec8030f7-c20a-464f-9b0e-13a3a9e97384}","minVersion":"6.*","maxVersion":"41.0"},{"id":"{3550f703-e582-4d05-9a08-453d09bdfdc6}","minVersion":"6.*","maxVersion":"41.0"},{"id":"{92650c4d-4b8e-4d2a-b7eb-24ecf4f6b63a}","minVersion":"2.3.*","maxVersion":"2.38"},{"id":"{aa3c5121-dab2-40e2-81ca-7ea25febc110}","minVersion":"10.0a1","maxVersion":"41.0"},{"id":"bluegriffon@disruptive-innovations.com","minVersion":"0.8","maxVersion":"1.0"},{"id":"toolkit@mozilla.org","minVersion":"1.9a8pre","maxVersion":"21.0"}],"targetPlatforms":[],"seen":true,"dependencies":[],"hasEmbeddedWebExtension":false,"userPermissions":null},{"id":"langpack-nl@firefox.mozilla.org","syncGUID":"{1e5671c7-0f52-4be4-acec-f0cb80364909}","location":"app-profile","version":"53.0","type":"locale","internalName":null,"updateURL":null,"updateKey":null,"optionsURL":null,"optionsType":null,"aboutURL":null,"icons":{},"iconURL":null,"icon64URL":null,"defaultLocale":{"name":"Nederlands (NL) Language Pack","description":null,"creator":"Mozilla-NL","homepageURL":null,"contributors":["Gert-Paul van der Beek","Tim Maks van den Broek","Laurens Holst","Ton Kensen","Anne van Kesteren","Hendrik Maryns","Martijn Ras","leden MozBrowser-forum"]},"visible":true,"active":true,"userDisabled":false,"appDisabled":false,"descriptor":"C:\\FirefoxPortable64\\Data\\profile\\extensions\\langpack-nl@firefox.mozilla.org.xpi","installDate":1493196707893,"updateDate":1493196707893,"applyBackgroundUpdates":1,"bootstrap":true,"skinnable":false,"size":1261165,"sourceURI":"https://addons.mozilla.org/firefox/downloads/latest/nederlands-nl-language-pack/addon-417222-latest.xpi?src=dp-btn-primary","releaseNotesURI":null,"softDisabled":false,"foreignInstall":false,"hasBinaryComponents":false,"strictCompatibility":true,"locales":[],"targetApplications":[{"id":"{ec8030f7-c20a-464f-9b0e-13a3a9e97384}","minVersion":"53.0","maxVersion":"53.*"}],"targetPlatforms":[],"seen":true,"dependencies":[],"hasEmbeddedWebExtension":false,"userPermissions":null},{"id":"marcoagpinto@mail.telepac.pt","syncGUID":"{2c0d6fe6-3189-4414-a1f6-4a492c64a1eb}","location":"app-profile","version":"2.47","type":"dictionary","internalName":null,"updateURL":null,"updateKey":null,"optionsURL":null,"optionsType":null,"aboutURL":null,"icons":{"32":"icon.png","48":"icon.png"},"iconURL":null,"icon64URL":null,"defaultLocale":{"name":"British English Dictionary (Marco Pinto)","description":null,"creator":null,"homepageURL":null},"visible":true,"active":true,"userDisabled":false,"appDisabled":false,"descriptor":"C:\\FirefoxPortable64\\Data\\profile\\extensions\\marcoagpinto@mail.telepac.pt","installDate":1493196713244,"updateDate":1493196713244,"applyBackgroundUpdates":1,"bootstrap":true,"skinnable":false,"size":765159,"sourceURI":"https://addons.mozilla.org/firefox/downloads/latest/british-english-dictionary-2/addon-461570-latest.xpi?src=dp-btn-primary","releaseNotesURI":null,"softDisabled":false,"foreignInstall":false,"hasBinaryComponents":false,"strictCompatibility":false,"locales":[],"targetApplications":[{"id":"{ec8030f7-c20a-464f-9b0e-13a3a9e97384}","minVersion":"2.0","maxVersion":"55.0"},{"id":"{aa3c5121-dab2-40e2-81ca-7ea25febc110}","minVersion":"45.0","maxVersion":"55.0"},{"id":"{3550f703-e582-4d05-9a08-453d09bdfdc6}","minVersion":"2.0","maxVersion":"55.0"},{"id":"{92650c4d-4b8e-4d2a-b7eb-24ecf4f6b63a}","minVersion":"2.0","maxVersion":"2.52"}],"targetPlatforms":[],"seen":true,"dependencies":[],"hasEmbeddedWebExtension":false,"userPermissions":null},{"id":"langpack-en-GB@firefox.mozilla.org","syncGUID":"{d026d807-996f-460e-850e-731107394785}","location":"app-profile","version":"53.0","type":"locale","internalName":null,"updateURL":null,"updateKey":null,"optionsURL":null,"optionsType":null,"aboutURL":null,"icons":{},"iconURL":null,"icon64URL":null,"defaultLocale":{"name":"English (GB) Language Pack","description":null,"creator":"Mark Tyndall","homepageURL":null,"contributors":["David Bartlett","Constantine Murenin","Ian Neal"]},"visible":true,"active":true,"userDisabled":false,"appDisabled":false,"descriptor":"C:\\FirefoxPortable64\\Data\\profile\\extensions\\langpack-en-GB@firefox.mozilla.org.xpi","installDate":1493196719854,"updateDate":1493196719854,"applyBackgroundUpdates":1,"bootstrap":true,"skinnable":false,"size":1240316,"sourceURI":"https://addons.mozilla.org/firefox/downloads/latest/english-gb-language-pack/addon-417168-latest.xpi?src=dp-btn-primary","releaseNotesURI":null,"softDisabled":false,"foreignInstall":false,"hasBinaryComponents":false,"strictCompatibility":true,"locales":[],"targetApplications":[{"id":"{ec8030f7-c20a-464f-9b0e-13a3a9e97384}","minVersion":"53.0","maxVersion":"53.*"}],"targetPlatforms":[],"seen":true,"dependencies":[],"hasEmbeddedWebExtension":false,"userPermissions":null},{"id":"fr-dicollecte@dictionaries.addons.mozilla.org","syncGUID":"{4e5cfd78-70a6-4350-9c10-d24ee8194ecd}","location":"app-profile","version":"6.0.2","type":"dictionary","internalName":null,"updateURL":null,"updateKey":null,"optionsURL":null,"optionsType":null,"aboutURL":null,"icons":{},"iconURL":null,"icon64URL":null,"defaultLocale":{"name":"Dictionnaire français","description":"Dictionnaire orthographique de la langue française","creator":"Olivier R.","homepageURL":"http://www.dicollecte.org/","contributors":["Olivier R.","Sylvain P.","Jean-Luc T.","Laurent Dubois","Dominique Pellé","Pierre Poisson","Pierre-Yves","Renouvo"]},"visible":true,"active":true,"userDisabled":false,"appDisabled":false,"descriptor":"C:\\FirefoxPortable64\\Data\\profile\\extensions\\fr-dicollecte@dictionaries.addons.mozilla.org","installDate":1493196725630,"updateDate":1493196725630,"applyBackgroundUpdates":1,"bootstrap":true,"skinnable":false,"size":1439573,"sourceURI":"https://addons.mozilla.org/firefox/downloads/latest/dictionnaire-fran%C3%A7ais1/addon-354872-latest.xpi?src=dp-btn-primary","releaseNotesURI":null,"softDisabled":false,"foreignInstall":false,"hasBinaryComponents":false,"strictCompatibility":false,"locales":[],"targetApplications":[{"id":"{ec8030f7-c20a-464f-9b0e-13a3a9e97384}","minVersion":"14.0","maxVersion":"*"},{"id":"{3550f703-e582-4d05-9a08-453d09bdfdc6}","minVersion":"14.0","maxVersion":"53.*"},{"id":"{92650c4d-4b8e-4d2a-b7eb-24ecf4f6b63a}","minVersion":"2.12","maxVersion":"*"}],"targetPlatforms":[],"seen":true,"dependencies":[],"hasEmbeddedWebExtension":false,"userPermissions":null},{"id":"langpack-fr@firefox.mozilla.org","syncGUID":"{e9f7564a-5d17-4550-b553-8c1b25b1abc8}","location":"app-profile","version":"53.0","type":"locale","internalName":null,"updateURL":null,"updateKey":null,"optionsURL":null,"optionsType":null,"aboutURL":null,"icons":{},"iconURL":null,"icon64URL":null,"defaultLocale":{"name":"Français Language Pack","description":null,"creator":"mozfr.org","homepageURL":null,"contributors":["Vincent Béron","Théo Chevalier","Cédric Corazza","Philippe Dessante","Benoît Leseul","Marie Léger-St-Jean","Jean-Bernard Marcon","Jérôme Schell"]},"visible":true,"active":true,"userDisabled":false,"appDisabled":false,"descriptor":"C:\\FirefoxPortable64\\Data\\profile\\extensions\\langpack-fr@firefox.mozilla.org.xpi","installDate":1493196730620,"updateDate":1493196730620,"applyBackgroundUpdates":1,"bootstrap":true,"skinnable":false,"size":1314227,"sourceURI":"https://addons.mozilla.org/firefox/downloads/latest/fran%C3%A7ais-language-pack/addon-417178-latest.xpi?src=dp-btn-primary","releaseNotesURI":null,"softDisabled":false,"foreignInstall":false,"hasBinaryComponents":false,"strictCompatibility":true,"locales":[],"targetApplications":[{"id":"{ec8030f7-c20a-464f-9b0e-13a3a9e97384}","minVersion":"53.0","maxVersion":"53.*"}],"targetPlatforms":[],"seen":true,"dependencies":[],"hasEmbeddedWebExtension":false,"userPermissions":null},{"id":"langpack-de@firefox.mozilla.org","syncGUID":"{fed4cb42-d319-43ac-95fb-71bcf05204f8}","location":"app-profile","version":"53.0","type":"locale","internalName":null,"updateURL":null,"updateKey":null,"optionsURL":null,"optionsType":null,"aboutURL":null,"icons":{},"iconURL":null,"icon64URL":null,"defaultLocale":{"name":"Deutsch (DE) Language Pack","description":null,"creator":"Sebastian Hengst","homepageURL":null,"contributors":["Robert Kaiser","Abdulkadir Topal"]},"visible":true,"active":true,"userDisabled":false,"appDisabled":false,"descriptor":"C:\\FirefoxPortable64\\Data\\profile\\extensions\\langpack-de@firefox.mozilla.org.xpi","installDate":1493196749506,"updateDate":1493196749506,"applyBackgroundUpdates":1,"bootstrap":true,"skinnable":false,"size":1277806,"sourceURI":"https://addons.mozilla.org/firefox/downloads/latest/deutsch-de-language-pack/addon-417164-latest.xpi?src=dp-btn-primary","releaseNotesURI":null,"softDisabled":false,"foreignInstall":false,"hasBinaryComponents":false,"strictCompatibility":true,"locales":[],"targetApplications":[{"id":"{ec8030f7-c20a-464f-9b0e-13a3a9e97384}","minVersion":"53.0","maxVersion":"53.*"}],"targetPlatforms":[],"seen":true,"dependencies":[],"hasEmbeddedWebExtension":false,"userPermissions":null},{"id":"de-DE@dictionaries.addons.mozilla.org","syncGUID":"{7a2e9e49-78ae-49e9-a659-e33f8ad20333}","location":"app-profile","version":"2.0.6","type":"dictionary","internalName":null,"updateURL":null,"updateKey":null,"optionsURL":null,"optionsType":null,"aboutURL":null,"icons":{},"iconURL":null,"icon64URL":null,"defaultLocale":{"name":"German Dictionary","description":"German dictionary (new Orthography) for spellchecking in Mozilla products. Using igerman98 dictionary version 20160407.","creator":"Robert Kaiser, using igerman98 dictionary by Björn Jacke","homepageURL":null},"visible":true,"active":true,"userDisabled":false,"appDisabled":false,"descriptor":"C:\\FirefoxPortable64\\Data\\profile\\extensions\\de-DE@dictionaries.addons.mozilla.org","installDate":1493196754862,"updateDate":1493196754862,"applyBackgroundUpdates":1,"bootstrap":true,"skinnable":false,"size":1119803,"sourceURI":"https://addons.mozilla.org/firefox/downloads/latest/german-dictionary/addon-3077-latest.xpi?src=dp-btn-primary","releaseNotesURI":null,"softDisabled":false,"foreignInstall":false,"hasBinaryComponents":false,"strictCompatibility":false,"locales":[{"locales":["de"],"name":"Deutsches Wörterbuch","description":"Deutsches Wörterbuch (neue Rechtschreibung) für die Rechtschreibprüfung in Mozilla-Produkten. Verwendet das igerman98-Wörterbuch in der Version 20160407.","creator":"Robert Kaiser, unter Verwendung des igerman98-Wörterbuchs von Björn Jacke","homepageURL":null}],"targetApplications":[{"id":"{ec8030f7-c20a-464f-9b0e-13a3a9e97384}","minVersion":"10.0a1","maxVersion":"*"},{"id":"{3550f703-e582-4d05-9a08-453d09bdfdc6}","minVersion":"10.0a1","maxVersion":"54.0"},{"id":"{92650c4d-4b8e-4d2a-b7eb-24ecf4f6b63a}","minVersion":"2.7a1","maxVersion":"*"},{"id":"{aa3c5121-dab2-40e2-81ca-7ea25febc110}","minVersion":"10.0a1","maxVersion":"*"},{"id":"bluegriffon@disruptive-innovations.com","minVersion":"0.8","maxVersion":"1.7.2"},{"id":"toolkit@mozilla.org","minVersion":"10.0a1","maxVersion":"*"}],"targetPlatforms":[],"seen":true,"dependencies":[],"hasEmbeddedWebExtension":false,"userPermissions":null},{"id":"langpack-ja@firefox.mozilla.org","syncGUID":"{84e4bbdb-4a72-4ba9-8f76-77673eb306d7}","location":"app-profile","version":"53.0","type":"locale","internalName":null,"updateURL":null,"updateKey":null,"optionsURL":null,"optionsType":null,"aboutURL":null,"icons":{},"iconURL":null,"icon64URL":null,"defaultLocale":{"name":"Japanese Language Pack","description":null,"creator":"Mozilla Japanese L10N Community","homepageURL":null,"contributors":["Hiroki Abe","Makoto Arai","Tomoya Asai","Hideyuki EMURA","Shaw Hosaka","Joji Ikeda","Masahiko Imanaka","Kosuke Kaizuka","Hidehiro Kozawa","Teiji Matsuba","Shigeki Narisawa","Takeshi Nishimura","Toshiyuki Oka","Atsushi Sakai","Hiroshi Sekiya","Youhei Tooyama","Satoru Yamaguchi"]},"visible":true,"active":true,"userDisabled":false,"appDisabled":false,"descriptor":"C:\\FirefoxPortable64\\Data\\profile\\extensions\\langpack-ja@firefox.mozilla.org.xpi","installDate":1493196824181,"updateDate":1493196824181,"applyBackgroundUpdates":1,"bootstrap":true,"skinnable":false,"size":1376130,"sourceURI":"https://addons.mozilla.org/firefox/downloads/latest/japanese-language-pack-1/addon-417196-latest.xpi?src=dp-btn-primary","releaseNotesURI":null,"softDisabled":false,"foreignInstall":false,"hasBinaryComponents":false,"strictCompatibility":true,"locales":[],"targetApplications":[{"id":"{ec8030f7-c20a-464f-9b0e-13a3a9e97384}","minVersion":"53.0","maxVersion":"53.*"}],"targetPlatforms":[],"seen":true,"dependencies":[],"hasEmbeddedWebExtension":false,"userPermissions":null},{"id":"la@dictionaries.addons.mozilla.org","syncGUID":"{2f0984ef-b428-4e0f-bfec-1b0ef25b9f3b}","location":"app-profile","version":"0.41.20110603.1-typefix","type":"dictionary","internalName":null,"updateURL":null,"updateKey":null,"optionsURL":null,"optionsType":null,"aboutURL":null,"icons":{},"iconURL":null,"icon64URL":null,"defaultLocale":{"name":"Latin Dictionary","description":"Latin spellchecking dictionary","creator":"Leszek(teo)Życzkowski","homepageURL":null,"contributors":["Jean-Pierre Sutto"]},"visible":true,"active":true,"userDisabled":false,"appDisabled":false,"descriptor":"C:\\FirefoxPortable64\\Data\\profile\\extensions\\la@dictionaries.addons.mozilla.org","installDate":1493196829737,"updateDate":1493196829737,"applyBackgroundUpdates":1,"bootstrap":true,"skinnable":false,"size":1327244,"sourceURI":"https://addons.mozilla.org/firefox/downloads/latest/latin-dictionary/addon-5563-latest.xpi?src=dp-btn-primary","releaseNotesURI":null,"softDisabled":false,"foreignInstall":false,"hasBinaryComponents":false,"strictCompatibility":false,"locales":[],"targetApplications":[{"id":"{ec8030f7-c20a-464f-9b0e-13a3a9e97384}","minVersion":"2.0","maxVersion":"6.0a1"},{"id":"{3550f703-e582-4d05-9a08-453d09bdfdc6}","minVersion":"2.0","maxVersion":"5.0b1"},{"id":"{92650c4d-4b8e-4d2a-b7eb-24ecf4f6b63a}","minVersion":"2.0","maxVersion":"2.2a1pre"}],"targetPlatforms":[],"seen":true,"dependencies":[],"hasEmbeddedWebExtension":false,"userPermissions":null},{"id":"pl@dictionaries.addons.mozilla.org","syncGUID":"{4114871d-76ff-4afb-97d4-cdd8f13025bd}","location":"app-profile","version":"1.0.20160228","type":"dictionary","internalName":null,"updateURL":null,"updateKey":null,"optionsURL":null,"optionsType":null,"aboutURL":null,"icons":{},"iconURL":null,"icon64URL":null,"defaultLocale":{"name":"Polski słownik poprawnej pisowni","description":"Polski (pl) słownik poprawnej pisowni.","creator":"Leszek(teo)Życzkowski","homepageURL":"https://addons.mozilla.org/pl/firefox/addon/polish-spellchecker-dictionary/versions/","contributors":["Marek Stępień","Zespół SJP.pl"]},"visible":true,"active":true,"userDisabled":false,"appDisabled":false,"descriptor":"C:\\FirefoxPortable64\\Data\\profile\\extensions\\pl@dictionaries.addons.mozilla.org","installDate":1493196834845,"updateDate":1493196834845,"applyBackgroundUpdates":1,"bootstrap":true,"skinnable":false,"size":4656952,"sourceURI":"https://addons.mozilla.org/firefox/downloads/latest/polish-spellchecker-dictionary/addon-3052-latest.xpi?src=dp-btn-primary","releaseNotesURI":null,"softDisabled":false,"foreignInstall":false,"hasBinaryComponents":false,"strictCompatibility":false,"locales":[],"targetApplications":[{"id":"{ec8030f7-c20a-464f-9b0e-13a3a9e97384}","minVersion":"5.0","maxVersion":"48.0"},{"id":"{3550f703-e582-4d05-9a08-453d09bdfdc6}","minVersion":"5.0","maxVersion":"48.0"},{"id":"{92650c4d-4b8e-4d2a-b7eb-24ecf4f6b63a}","minVersion":"2.0","maxVersion":"2.45"}],"targetPlatforms":[],"seen":true,"dependencies":[],"hasEmbeddedWebExtension":false,"userPermissions":null},{"id":"langpack-pl@firefox.mozilla.org","syncGUID":"{ee93d193-d712-41d1-a70d-f49e9f201f80}","location":"app-profile","version":"53.0","type":"locale","internalName":null,"updateURL":null,"updateKey":null,"optionsURL":null,"optionsType":null,"aboutURL":null,"icons":{},"iconURL":null,"icon64URL":null,"defaultLocale":{"name":"Polski Language Pack","description":null,"creator":"Aviary.pl","homepageURL":null,"contributors":["Aviary.pl","Zbigniew Braniecki","Marek Stępień","Piotr Komoda","Marek Wawoczny","Piotr Bartecki","Kornel Misiejuk","Wadim Dziedzic","Stefan Plewako"]},"visible":true,"active":true,"userDisabled":false,"appDisabled":false,"descriptor":"C:\\FirefoxPortable64\\Data\\profile\\extensions\\langpack-pl@firefox.mozilla.org.xpi","installDate":1493196840353,"updateDate":1493196840353,"applyBackgroundUpdates":1,"bootstrap":true,"skinnable":false,"size":841365,"sourceURI":"https://addons.mozilla.org/firefox/downloads/latest/polski-language-pack/addon-417230-latest.xpi?src=dp-btn-primary","releaseNotesURI":null,"softDisabled":false,"foreignInstall":false,"hasBinaryComponents":false,"strictCompatibility":true,"locales":[],"targetApplications":[{"id":"{ec8030f7-c20a-464f-9b0e-13a3a9e97384}","minVersion":"53.0","maxVersion":"53.*"}],"targetPlatforms":[],"seen":true,"dependencies":[],"hasEmbeddedWebExtension":false,"userPermissions":null},{"id":"pt-PT@dictionaries.addons.mozilla.org","syncGUID":"{939fdb59-9fb5-4f97-99fb-1a8a665b9dd1}","location":"app-profile","version":"16.10.1.1","type":"dictionary","internalName":null,"updateURL":null,"updateKey":null,"optionsURL":null,"optionsType":null,"aboutURL":null,"icons":{"32":"icon.png","48":"icon.png"},"iconURL":null,"icon64URL":null,"defaultLocale":{"name":"Corretor para Português de Portugal","description":"Portuguese, Portugal (pt-PT) Dictionary","creator":"Projecto Natura","homepageURL":"http://natura.di.uminho.pt/wiki/doku.php?id=dicionarios:main","developers":["Alberto Simões"],"contributors":["António Manuel Dias","José João de Almeida","Rui Vilela"]},"visible":true,"active":true,"userDisabled":false,"appDisabled":false,"descriptor":"C:\\FirefoxPortable64\\Data\\profile\\extensions\\pt-PT@dictionaries.addons.mozilla.org","installDate":1493196846350,"updateDate":1493196846350,"applyBackgroundUpdates":1,"bootstrap":true,"skinnable":false,"size":1670369,"sourceURI":"https://addons.mozilla.org/firefox/downloads/latest/european-portuguese-spellcheck/addon-3155-latest.xpi?src=dp-btn-primary","releaseNotesURI":null,"softDisabled":false,"foreignInstall":false,"hasBinaryComponents":false,"strictCompatibility":false,"locales":[{"locales":["pt-PT"],"name":"Corretor para Português de Portugal","description":"Corretor ortográfico para português de Portugal (pt-PT)","creator":"Projecto Natura","homepageURL":"http://natura.di.uminho.pt/wiki/doku.php?id=dicionarios:main","developers":["Alberto Simões"],"contributors":["António Manuel Dias","José João de Almeida","Rui Vilela"]}],"targetApplications":[{"id":"toolkit@mozilla.org","minVersion":"1.9","maxVersion":"52.*"},{"id":"{ec8030f7-c20a-464f-9b0e-13a3a9e97384}","minVersion":"3.0","maxVersion":"52.0a1"},{"id":"{3550f703-e582-4d05-9a08-453d09bdfdc6}","minVersion":"3.0","maxVersion":"52.0a1"},{"id":"{92650c4d-4b8e-4d2a-b7eb-24ecf4f6b63a}","minVersion":"2.1","maxVersion":"2.42"}],"targetPlatforms":[],"seen":true,"dependencies":[],"hasEmbeddedWebExtension":false,"userPermissions":null},{"id":"langpack-pt-PT@firefox.mozilla.org","syncGUID":"{a96f3be1-c5ab-4f23-8d96-5b047c7b6cce}","location":"app-profile","version":"53.0","type":"locale","internalName":null,"updateURL":null,"updateKey":null,"optionsURL":null,"optionsType":null,"aboutURL":null,"icons":{},"iconURL":null,"icon64URL":null,"defaultLocale":{"name":"Português (Portugal) Language Pack","description":null,"creator":"Projeto de tradução do Mozilla para Português","homepageURL":null,"contributors":["Albert de Castro","Artur Araújo","Bruno Duarte","Carlos Rodrigues","Cláudio Esperança","Diogo Santos","Francisco Castanheiro","Gonçalo Matos","João Miguel Neves","Marco Sousa","Pedro Antunes","Pedro Figueira","Rita Farinha","Rodrigo Cunha","Sérgio Marques"]},"visible":true,"active":true,"userDisabled":false,"appDisabled":false,"descriptor":"C:\\FirefoxPortable64\\Data\\profile\\extensions\\langpack-pt-PT@firefox.mozilla.org.xpi","installDate":1493196852557,"updateDate":1493196852557,"applyBackgroundUpdates":1,"bootstrap":true,"skinnable":false,"size":1257011,"sourceURI":"https://addons.mozilla.org/firefox/downloads/latest/portugu%C3%AAs-portugal-language/addon-417232-latest.xpi?src=dp-btn-primary","releaseNotesURI":null,"softDisabled":false,"foreignInstall":false,"hasBinaryComponents":false,"strictCompatibility":true,"locales":[],"targetApplications":[{"id":"{ec8030f7-c20a-464f-9b0e-13a3a9e97384}","minVersion":"53.0","maxVersion":"53.*"}],"targetPlatforms":[],"seen":true,"dependencies":[],"hasEmbeddedWebExtension":false,"userPermissions":null},{"id":"pt-BR@dictionaries.addons.mozilla.org","syncGUID":"{6ebea8c7-e347-47df-bfb1-f06324eda58b}","location":"app-profile","version":"47.20160418","type":"dictionary","internalName":null,"updateURL":null,"updateKey":null,"optionsURL":null,"optionsType":null,"aboutURL":null,"icons":{},"iconURL":null,"icon64URL":null,"defaultLocale":{"name":"Brazilian Portuguese (Current Spelling)","description":"The same spellchecker shipped with the Brazilian version of Firefox. Also available the spellchecker for the former spelling at https://addons.mozilla.org","creator":"Jeferson Hultmann","homepageURL":"http://br.mozdev.org/firefox/ortografia/","developers":["Projecto Natura"]},"visible":true,"active":true,"userDisabled":false,"appDisabled":false,"descriptor":"C:\\FirefoxPortable64\\Data\\profile\\extensions\\pt-BR@dictionaries.addons.mozilla.org","installDate":1493196858954,"updateDate":1493196858954,"applyBackgroundUpdates":1,"bootstrap":true,"skinnable":false,"size":562275,"sourceURI":"https://addons.mozilla.org/firefox/downloads/latest/corretor/addon-3257-latest.xpi?src=dp-btn-primary","releaseNotesURI":null,"softDisabled":false,"foreignInstall":false,"hasBinaryComponents":false,"strictCompatibility":false,"locales":[{"locales":["pt-BR"],"name":"Português Brasileiro (Nova Ortografia)","description":"O mesmo corretor ortográfico que acompanha a versão brasileira do Firefox. Também disponível o corretor para a antiga ortografia em https://addons.mozilla.org","creator":null,"homepageURL":null}],"targetApplications":[{"id":"toolkit@mozilla.org","minVersion":"17.0","maxVersion":"25.*"},{"id":"{ec8030f7-c20a-464f-9b0e-13a3a9e97384}","minVersion":"17.0","maxVersion":"25.*"},{"id":"{3550f703-e582-4d05-9a08-453d09bdfdc6}","minVersion":"17.0","maxVersion":"25.*"},{"id":"{92650c4d-4b8e-4d2a-b7eb-24ecf4f6b63a}","minVersion":"2.14","maxVersion":"2.22.*"}],"targetPlatforms":[],"seen":true,"dependencies":[],"hasEmbeddedWebExtension":false,"userPermissions":null},{"id":"langpack-pt-BR@firefox.mozilla.org","syncGUID":"{89bf2bd4-fe2c-4e44-9c34-b7c23ae6fb38}","location":"app-profile","version":"53.0","type":"locale","internalName":null,"updateURL":null,"updateKey":null,"optionsURL":null,"optionsType":null,"aboutURL":null,"icons":{},"iconURL":null,"icon64URL":null,"defaultLocale":{"name":"Português (pt-BR) Language Pack","description":null,"creator":"mozilla.org","homepageURL":null,"contributors":["Fernando Pereira Silveira","Jefferson Hultmann","Marco Aurélio Krause","Reuben Morais"]},"visible":true,"active":true,"userDisabled":false,"appDisabled":false,"descriptor":"C:\\FirefoxPortable64\\Data\\profile\\extensions\\langpack-pt-BR@firefox.mozilla.org.xpi","installDate":1493196863988,"updateDate":1493196863988,"applyBackgroundUpdates":1,"bootstrap":true,"skinnable":false,"size":1258144,"sourceURI":"https://addons.mozilla.org/firefox/downloads/latest/firefox-br/addon-4851-latest.xpi?src=dp-btn-primary","releaseNotesURI":null,"softDisabled":false,"foreignInstall":false,"hasBinaryComponents":false,"strictCompatibility":true,"locales":[],"targetApplications":[{"id":"{ec8030f7-c20a-464f-9b0e-13a3a9e97384}","minVersion":"53.0","maxVersion":"53.*"}],"targetPlatforms":[],"seen":true,"dependencies":[],"hasEmbeddedWebExtension":false,"userPermissions":null},{"id":"es-es@dictionaries.addons.mozilla.org","syncGUID":"{405d474b-f926-406f-8161-5d5abc4bf589}","location":"app-profile","version":"2.2","type":"dictionary","internalName":null,"updateURL":null,"updateKey":null,"optionsURL":null,"optionsType":null,"aboutURL":null,"icons":{},"iconURL":null,"icon64URL":null,"defaultLocale":{"name":"Spanish (Spain) Dictionary","description":"Spanish (Spain) Spell checker Dictionary","creator":"RLA-ES, Open Linguistic Resources for Spanish Language","homepageURL":"http://github.com/sbosio/rla-es","contributors":["Ricardo Palomares"]},"visible":true,"active":true,"userDisabled":false,"appDisabled":false,"descriptor":"C:\\FirefoxPortable64\\Data\\profile\\extensions\\es-es@dictionaries.addons.mozilla.org","installDate":1493196869976,"updateDate":1493196869976,"applyBackgroundUpdates":1,"bootstrap":true,"skinnable":false,"size":939954,"sourceURI":"https://addons.mozilla.org/firefox/downloads/latest/spanish-spain-dictionary/addon-3554-latest.xpi?src=dp-btn-primary","releaseNotesURI":null,"softDisabled":false,"foreignInstall":false,"hasBinaryComponents":false,"strictCompatibility":false,"locales":[{"locales":["es-ES"],"name":"Diccionario de Español/España","description":"Diccionario corrector ortográfico de Español/España","creator":"RLA-ES, Recursos Lingüísticos Abiertos del Español","homepageURL":null}],"targetApplications":[{"id":"{ec8030f7-c20a-464f-9b0e-13a3a9e97384}","minVersion":"18.0a1","maxVersion":"54.0"},{"id":"{3550f703-e582-4d05-9a08-453d09bdfdc6}","minVersion":"18.0a1","maxVersion":"54.0"},{"id":"{92650c4d-4b8e-4d2a-b7eb-24ecf4f6b63a}","minVersion":"2.15a1","maxVersion":"2.51"},{"id":"{136c295a-4a5a-41cf-bf24-5cee526720d5}","minVersion":"0.7.99.3","maxVersion":"0.8a4"},{"id":"{20aa4150-b5f4-11de-8a39-0800200c9a66}","minVersion":"0.8b1","maxVersion":"0.8.*"},{"id":"{a23983c0-fd0e-11dc-95ff-0800200c9a66}","minVersion":"1.0","maxVersion":"40.0"},{"id":"{aa3c5121-dab2-40e2-81ca-7ea25febc110}","minVersion":"18.0a1","maxVersion":"54.0"},{"id":"{33cb9019-c295-46dd-be21-8c4936574bee}","minVersion":"0.2","maxVersion":"1.5"}],"targetPlatforms":[],"seen":true,"dependencies":[],"hasEmbeddedWebExtension":false,"userPermissions":null},{"id":"langpack-es-ES@firefox.mozilla.org","syncGUID":"{4ce4d54c-d099-48f7-b5b4-9bb7d6b814ed}","location":"app-profile","version":"53.0","type":"locale","internalName":null,"updateURL":null,"updateKey":null,"optionsURL":null,"optionsType":null,"aboutURL":null,"icons":{},"iconURL":null,"icon64URL":null,"defaultLocale":{"name":"Español (España) Language Pack","description":null,"creator":"mozilla.org","homepageURL":null,"contributors":["Proyecto NAVE (http://www.proyectonave.es/)"]},"visible":true,"active":true,"userDisabled":false,"appDisabled":false,"descriptor":"C:\\FirefoxPortable64\\Data\\profile\\extensions\\langpack-es-ES@firefox.mozilla.org.xpi","installDate":1493196874538,"updateDate":1493196874538,"applyBackgroundUpdates":1,"bootstrap":true,"skinnable":false,"size":839261,"sourceURI":"https://addons.mozilla.org/firefox/downloads/latest/espa%C3%B1ol-espa%C3%B1a-language-pac/addon-417172-latest.xpi?src=dp-btn-primary","releaseNotesURI":null,"softDisabled":false,"foreignInstall":false,"hasBinaryComponents":false,"strictCompatibility":true,"locales":[],"targetApplications":[{"id":"{ec8030f7-c20a-464f-9b0e-13a3a9e97384}","minVersion":"53.0","maxVersion":"53.*"}],"targetPlatforms":[],"seen":true,"dependencies":[],"hasEmbeddedWebExtension":false,"userPermissions":null},{"id":"support@lastpass.com","syncGUID":"{5b5d578b-3bae-4300-8197-b0b6c7fc4c07}","location":"app-profile","version":"3.3.4","type":"extension","internalName":null,"updateURL":null,"updateKey":null,"optionsURL":"chrome://lastpass/content/prefs.xul","optionsType":null,"aboutURL":null,"icons":{},"iconURL":"chrome://lastpass/skin/icon_big.gif","icon64URL":null,"defaultLocale":{"name":"LastPass","description":"Last Password you will ever need","creator":"LastPass Dev Team","homepageURL":"https://lastpass.com/"},"visible":true,"active":true,"userDisabled":false,"appDisabled":false,"descriptor":"C:\\FirefoxPortable64\\Data\\profile\\extensions\\support@lastpass.com","installDate":1493196926647,"updateDate":1493196926647,"applyBackgroundUpdates":1,"bootstrap":false,"skinnable":false,"size":16014188,"sourceURI":"https://addons.mozilla.org/firefox/downloads/latest/lastpass-password-manager/addon-8542-latest.xpi?src=cb-btn-users","releaseNotesURI":null,"softDisabled":false,"foreignInstall":false,"hasBinaryComponents":false,"strictCompatibility":false,"locales":[],"targetApplications":[{"id":"{ec8030f7-c20a-464f-9b0e-13a3a9e97384}","minVersion":"2.0","maxVersion":"*"},{"id":"{aa3c5121-dab2-40e2-81ca-7ea25febc110}","minVersion":"10.0a1","maxVersion":"*"},{"id":"{92650c4d-4b8e-4d2a-b7eb-24ecf4f6b63a}","minVersion":"2.0a","maxVersion":"2.45"},{"id":"{a23983c0-fd0e-11dc-95ff-0800200c9a66}","minVersion":"0.7","maxVersion":"40.0"},{"id":"songbird@songbirdnest.com","minVersion":"1.0.0","maxVersion":"2.3.0a"},{"id":"{a463f10c-3994-11da-9945-000d60ca027b}","minVersion":"0.7","maxVersion":"2.6.*"},{"id":"prism@developer.mozilla.org","minVersion":"0.8","maxVersion":"1.0.0.*"},{"id":"{aa5ca914-c309-495d-91cf-3141bbb04115}","minVersion":"0.2","maxVersion":"3.1.*"},{"id":"dlm@emusic.com","minVersion":"1.0a4","maxVersion":"1.0.0.*"},{"id":"toolkit@mozilla.org","minVersion":"1.9a2","maxVersion":"1.9.6"}],"targetPlatforms":[],"multiprocessCompatible":false,"signedState":2,"seen":true,"dependencies":[],"hasEmbeddedWebExtension":false,"mpcOptedOut":true,"userPermissions":null},{"id":"{a7c6cf7f-112c-4500-a7ea-39801a327e5f}","syncGUID":"{a903edaa-a945-46c9-8f51-b1a8d203febd}","location":"app-profile","version":"2.0.31","type":"extension","internalName":null,"updateURL":null,"updateKey":null,"optionsURL":"chrome://fireftp/content/preferences.xul","optionsType":null,"aboutURL":null,"icons":{},"iconURL":"chrome://fireftp/skin/icons/logo32.png","icon64URL":null,"defaultLocale":{"name":"FireFTP","description":"FTP client for Mozilla Firefox.","creator":"Mime Čuvalo","homepageURL":"http://fireftp.net","contributors":["Devin Pohly","Scott Bentley"]},"visible":true,"active":true,"userDisabled":false,"appDisabled":false,"descriptor":"C:\\FirefoxPortable64\\Data\\profile\\extensions\\{a7c6cf7f-112c-4500-a7ea-39801a327e5f}","installDate":1493197479370,"updateDate":1493197479370,"applyBackgroundUpdates":1,"bootstrap":false,"skinnable":false,"size":2766287,"sourceURI":"https://addons.mozilla.org/firefox/downloads/latest/fireftp/addon-684-latest.xpi?src=cb-btn-featured","releaseNotesURI":null,"softDisabled":false,"foreignInstall":false,"hasBinaryComponents":false,"strictCompatibility":false,"locales":[],"targetApplications":[{"id":"{ec8030f7-c20a-464f-9b0e-13a3a9e97384}","minVersion":"32.0","maxVersion":"48.*"},{"id":"{92650c4d-4b8e-4d2a-b7eb-24ecf4f6b63a}","minVersion":"2.1","maxVersion":"2.41.*"},{"id":"{8de7fcbb-c55c-4fbe-bfc5-fc555c87dbc4}","minVersion":"27.0.0a1","maxVersion":"29.*"}],"targetPlatforms":[],"multiprocessCompatible":true,"signedState":2,"seen":true,"dependencies":[],"hasEmbeddedWebExtension":false,"mpcOptedOut":false,"userPermissions":null},{"id":"https-everywhere@eff.org","syncGUID":"{d8b04127-8a84-4c00-bc2a-7cec590ceeb7}","location":"app-profile","version":"5.2.15","type":"extension","internalName":null,"updateURL":null,"updateKey":null,"optionsURL":"chrome://https-everywhere/content/observatory-preferences.xul","optionsType":null,"aboutURL":"chrome://https-everywhere/content/about.xul","icons":{},"iconURL":"chrome://https-everywhere/skin/icon-active-48.png","icon64URL":null,"defaultLocale":{"name":"HTTPS Everywhere","description":"Encrypt the Web! Automatically use HTTPS security on many sites.","creator":"EFF Technologists","homepageURL":"https://www.eff.org/https-everywhere"},"visible":true,"active":true,"userDisabled":false,"appDisabled":false,"descriptor":"C:\\FirefoxPortable64\\Data\\profile\\extensions\\https-everywhere@eff.org.xpi","installDate":1493197479461,"updateDate":1493197479461,"applyBackgroundUpdates":1,"bootstrap":false,"skinnable":false,"size":10745014,"sourceURI":"https://addons.mozilla.org/firefox/downloads/latest/https-everywhere/addon-229918-latest.xpi?src=cb-btn-featured","releaseNotesURI":null,"softDisabled":false,"foreignInstall":false,"hasBinaryComponents":false,"strictCompatibility":false,"locales":[],"targetApplications":[{"id":"{ec8030f7-c20a-464f-9b0e-13a3a9e97384}","minVersion":"26.0","maxVersion":"40.0"},{"id":"{92650c4d-4b8e-4d2a-b7eb-24ecf4f6b63a}","minVersion":"2.17","maxVersion":"2.32"},{"id":"{3550f703-e582-4d05-9a08-453d09bdfdc6}","minVersion":"17.*","maxVersion":"35.*"},{"id":"{a79fe89b-6662-4ff4-8e88-09950ad4dfde}","minVersion":"0.1","maxVersion":"40.0"},{"id":"{aa3c5121-dab2-40e2-81ca-7ea25febc110}","minVersion":"26.0","maxVersion":"40.0"}],"targetPlatforms":[],"multiprocessCompatible":true,"signedState":2,"seen":true,"dependencies":[],"hasEmbeddedWebExtension":false,"mpcOptedOut":false,"userPermissions":null}]}