{"chrome://browser/content/browser.xul":{"navigator-toolbox":{"iconsize":"small"},"titlebar-placeholder-on-menubar-for-caption-buttons":{"width":"54.40000915527344"},"titlebar-placeholder-on-TabsToolbar-for-captions-buttons":{"width":"54.40000915527344"},"main-window":{"screenX":"4","screenY":"4","width":"1280","height":"826","sizemode":"maximized"},"nav-bar":{"currentset":"urlbar-container,downloads-button,jid0-gxjllfbcoax0lcltedfrekqdqpi_jetpack-browser-action,tbtnCavemanQLS,lpt_lastpass-compact-btn"},"statusbar-QLS":{"ccode":"en-US"},"statusbar-QLS-text":{"value":"en-US"},"toolbar-menubar":{"currentset":"menubar-items"},"TabsToolbar":{"currentset":"tabbrowser-tabs,new-tab-button,alltabs-button"},"PersonalToolbar":{"currentset":"personal-bookmarks,dif"},"addon-bar":{"currentset":"addonbar-closebutton,status-bar"},"sidebar-title":{"value":""}},"chrome://mozapps/content/handling/dialog.xul":{"handling":{"screenX":"618","screenY":"300","width":"298","height":"317"}},"chrome://browser/content/sanitize.xul":{"detailsExpander":{"class":"expander-up"},"itemList":{"collapsed":"false"}},"chrome://qls/content/qlssettings.xul":{"qls-settings":{"lastSelected":"pp_locales","screenX":"470","screenY":"208","width":"593","height":"502"}},"chrome://fireftp/content/preferences.xul":{"fireftpPreferences3":{"lastSelected":"myPane"}}}